id,date,check_in,check_out,message_late,status,created_at,updated_at,employee_id
109,2026-04-24,2026-04-24 15:34:15.734788,2026-04-24 15:34:23.404119,1h 34m late,late,2026-04-24 15:34:15.736639,2026-04-24 15:34:23.405378,14
110,2026-04-24,2026-04-24 15:36:02.327232,2026-04-24 15:36:09.933896,7h 36m late,late,2026-04-24 15:36:02.328245,2026-04-24 15:36:09.936197,13
111,2026-04-24,2026-04-24 15:38:14.509891,2026-04-24 15:38:27.188728,5h 38m late,late,2026-04-24 15:38:14.513970,2026-04-24 15:38:27.192086,7
112,2026-04-24,2026-04-24 15:39:41.197336,2026-04-24 15:39:56.429329,5h 39m late,late,2026-04-24 15:39:41.198721,2026-04-24 15:39:56.432722,6
113,2026-04-24,2026-04-24 15:40:58.054080,2026-04-24 15:41:11.054541,6h 40m late,late,2026-04-24 15:40:58.057689,2026-04-24 15:41:11.057813,12
114,2026-04-24,2026-04-24 15:42:07.171016,2026-04-24 15:42:19.792645,42m late,late,2026-04-24 15:42:07.174573,2026-04-24 15:42:19.796945,8
115,2026-04-24,2026-04-24 15:43:11.347387,2026-04-24 15:43:24.119072,On time,on_time,2026-04-24 15:43:11.351134,2026-04-24 15:43:24.122349,9
116,2026-04-24,2026-04-24 15:43:24.142391,2026-04-24 15:43:29.277610,On time,on_time,2026-04-24 15:43:24.147425,2026-04-24 15:43:29.281704,9
118,2026-04-24,2026-04-24 15:47:41.461387,2026-04-24 15:47:51.700928,47m late,late,2026-04-24 15:47:41.462921,2026-04-24 15:47:51.704258,21
119,2026-04-24,2026-04-24 15:49:28.601870,2026-04-24 15:49:38.802214,7h 49m late,late,2026-04-24 15:49:28.603447,2026-04-24 15:49:38.805954,17
121,2026-04-27,2026-04-27 22:32:36.734792,2026-04-27 22:32:43.759588,8h 32m late,late,2026-04-27 22:32:36.738819,2026-04-27 22:32:43.760816,14
122,2026-04-27,2026-04-27 22:40:31.527324,2026-04-27 22:40:38.497704,6h 40m late,late,2026-04-27 22:40:31.528786,2026-04-27 22:40:38.499430,4
123,2026-04-27,2026-04-27 22:41:55.510803,2026-04-27 22:42:02.497492,21h 41m late,late,2026-04-27 22:41:55.514302,2026-04-27 22:42:02.501392,11
124,2026-04-27,2026-04-27 22:42:42.509176,2026-04-27 22:42:47.171627,6h 42m late,late,2026-04-27 22:42:42.512686,2026-04-27 22:42:47.175049,18
125,2026-04-27,2026-04-27 22:44:15.243454,2026-04-27 22:44:20.123824,6h 44m late,late,2026-04-27 22:44:15.247924,2026-04-27 22:44:20.127186,19
126,2026-04-27,2026-04-27 22:48:30.399728,2026-04-27 22:48:30.420211,7h 48m late,late,2026-04-27 22:48:30.403444,2026-04-27 22:48:30.423674,10
127,2026-04-28,2026-04-28 08:29:00.268096,,29m late,late,2026-04-28 08:29:00.270389,2026-04-28 08:29:00.270399,13
128,2026-04-28,2026-04-28 08:30:16.609617,2026-04-28 08:30:16.627888,7h 30m late,late,2026-04-28 08:30:16.614247,2026-04-28 08:30:16.629682,11
129,2026-04-28,2026-04-28 08:30:53.734255,2026-04-28 20:02:11.045730,7h 30m late,late,2026-04-28 08:30:53.738348,2026-04-28 20:02:11.047380,11
130,2026-04-28,2026-04-28 11:16:52.788418,2026-04-28 20:17:35.859002,1h 16m late,late,2026-04-28 11:16:52.792734,2026-04-28 20:17:35.862394,6
131,2026-04-28,2026-04-28 14:03:52.529219,2026-04-28 22:11:18.720864,3m late,late,2026-04-28 14:03:52.533184,2026-04-28 22:11:18.725379,14
132,2026-04-28,2026-04-28 14:41:30.223353,,On time,on_time,2026-04-28 14:41:30.227038,2026-04-28 14:41:30.227068,21
133,2026-04-28,2026-04-28 15:13:17.724690,2026-04-28 15:13:20.220172,13m late,late,2026-04-28 15:13:17.728000,2026-04-28 15:13:20.224010,10
134,2026-04-28,2026-04-28 15:13:35.072454,,13m late,late,2026-04-28 15:13:35.076724,2026-04-28 15:13:35.076752,10
135,2026-04-28,2026-04-28 15:33:16.904373,,33m late,late,2026-04-28 15:33:16.908123,2026-04-28 15:33:16.908151,8
136,2026-04-28,2026-04-28 15:50:43.953687,,On time,on_time,2026-04-28 15:50:43.957403,2026-04-28 15:50:43.957433,9
137,2026-04-28,2026-04-28 16:10:11.021206,2026-04-28 23:08:38.401236,10m late,late,2026-04-28 16:10:11.024914,2026-04-28 23:08:38.404806,4
138,2026-04-28,2026-04-28 16:16:31.308216,,16m late,late,2026-04-28 16:16:31.312114,2026-04-28 16:16:31.312143,18
140,2026-04-28,2026-04-28 22:53:39.968787,,4h 53m late,late,2026-04-28 22:53:39.972280,2026-04-28 22:53:39.972310,20
141,2026-04-29,2026-04-29 00:00:33.807728,2026-04-29 15:19:13.077872,On time,on_time,2026-04-29 00:00:33.811876,2026-04-29 15:19:13.081274,10
142,2026-04-29,2026-04-29 00:03:11.171865,2026-04-29 00:03:28.440328,On time,on_time,2026-04-29 00:03:11.176427,2026-04-29 00:03:28.442348,18
143,2026-04-29,2026-04-29 00:05:48.853737,2026-04-29 15:54:07.608766,On time,on_time,2026-04-29 00:05:48.858235,2026-04-29 15:54:07.609690,9
144,2026-04-29,2026-04-29 00:18:01.218892,2026-04-29 23:07:30.203118,On time,on_time,2026-04-29 00:18:01.222525,2026-04-29 23:07:30.206385,16
145,2026-04-29,2026-04-29 00:19:35.488030,2026-04-29 00:19:37.998734,On time,on_time,2026-04-29 00:19:35.492784,2026-04-29 00:19:38.001996,15
146,2026-04-29,2026-04-29 00:19:57.725870,2026-04-29 07:41:00.176248,On time,on_time,2026-04-29 00:19:57.730245,2026-04-29 07:41:00.177816,15
147,2026-04-29,2026-04-29 00:22:59.522439,2026-04-29 00:23:09.450151,On time,on_time,2026-04-29 00:22:59.527668,2026-04-29 00:23:09.453519,21
148,2026-04-29,2026-04-29 00:24:01.874086,2026-04-29 09:04:48.669903,On time,on_time,2026-04-29 00:24:01.878362,2026-04-29 09:04:48.673434,5
154,2026-04-29,2026-04-29 02:05:10.029482,2026-04-29 18:11:53.103089,On time,on_time,2026-04-29 02:05:10.033571,2026-04-29 18:11:53.104555,20
155,2026-04-29,2026-04-29 03:22:04.599635,2026-04-29 03:22:17.061104,On time,on_time,2026-04-29 03:22:04.603978,2026-04-29 03:22:17.064942,8
156,2026-04-29,2026-04-29 08:17:02.547825,2026-04-29 08:17:05.018902,17m late,late,2026-04-29 08:17:02.552513,2026-04-29 08:17:05.022296,13
157,2026-04-29,2026-04-29 08:30:41.895004,2026-04-29 18:07:49.408570,7h 30m late,late,2026-04-29 08:30:41.898894,2026-04-29 18:07:49.412885,11
158,2026-04-29,2026-04-29 08:53:17.496481,2026-04-29 08:53:19.992567,On time,on_time,2026-04-29 08:53:17.500147,2026-04-29 08:53:19.996021,12
159,2026-04-29,2026-04-29 09:04:51.175015,2026-04-29 23:02:29.271907,On time,on_time,2026-04-29 09:04:51.176738,2026-04-29 23:02:29.275406,5
160,2026-04-29,2026-04-29 10:13:04.363986,2026-04-29 19:59:50.767574,13m late,late,2026-04-29 10:13:04.368824,2026-04-29 19:59:50.769257,7
161,2026-04-29,2026-04-29 11:14:41.855214,2026-04-29 20:57:06.302657,1h 14m late,late,2026-04-29 11:14:41.858898,2026-04-29 20:57:06.306093,6
162,2026-04-29,2026-04-29 13:59:01.431256,2026-04-29 22:14:48.745225,On time,on_time,2026-04-29 13:59:01.435089,2026-04-29 22:14:48.746365,14
163,2026-04-29,2026-04-29 14:35:00.721398,2026-04-29 14:35:00.744350,On time,on_time,2026-04-29 14:35:00.726201,2026-04-29 14:35:00.748608,21
164,2026-04-29,2026-04-29 14:35:08.165052,,On time,on_time,2026-04-29 14:35:08.169008,2026-04-29 14:35:08.169039,21
165,2026-04-29,2026-04-29 14:52:41.723452,,On time,on_time,2026-04-29 14:52:41.727401,2026-04-29 14:52:41.727431,8
166,2026-04-29,2026-04-29 15:19:30.564496,2026-04-29 23:16:44.242190,19m late,late,2026-04-29 15:19:30.568736,2026-04-29 23:16:44.245500,10
167,2026-04-29,2026-04-29 15:55:04.566231,2026-04-29 15:55:24.464048,On time,on_time,2026-04-29 15:55:04.570651,2026-04-29 15:55:24.468075,9
168,2026-04-29,2026-04-29 16:09:28.735812,2026-04-29 23:06:28.561310,9m late,late,2026-04-29 16:09:28.739615,2026-04-29 23:06:28.562657,4
169,2026-04-29,2026-04-29 16:21:40.553032,,21m late,late,2026-04-29 16:21:40.558321,2026-04-29 16:21:40.558377,18
170,2026-04-29,2026-04-29 17:05:44.379322,2026-04-29 17:05:46.891019,8h 5m late,late,2026-04-29 17:05:44.380804,2026-04-29 17:05:46.894402,12
171,2026-04-29,2026-04-29 17:59:09.327135,,On time,on_time,2026-04-29 17:59:09.331943,2026-04-29 17:59:09.331995,15
172,2026-04-29,2026-04-29 18:01:12.738527,2026-04-29 18:01:27.719675,10h 1m late,late,2026-04-29 18:01:12.742367,2026-04-29 18:01:27.722977,13
173,2026-04-29,2026-04-29 18:12:05.664933,,12m late,late,2026-04-29 18:12:05.668795,2026-04-29 18:12:05.668830,20
175,2026-04-29,2026-04-29 23:03:16.344868,,3m late,late,2026-04-29 23:03:16.348757,2026-04-29 23:03:16.348811,5
176,2026-04-29,2026-04-29 23:07:47.517527,,7m late,late,2026-04-29 23:07:47.518565,2026-04-29 23:07:47.518573,16
177,2026-04-30,2026-04-30 00:05:58.138167,2026-04-30 16:32:56.831971,On time,on_time,2026-04-30 00:05:58.142092,2026-04-30 16:32:56.833370,18
178,2026-04-30,2026-04-30 00:06:25.566989,2026-04-30 15:14:13.273182,On time,on_time,2026-04-30 00:06:25.570865,2026-04-30 15:14:13.276814,9
179,2026-04-30,2026-04-30 00:06:35.538803,2026-04-30 19:16:55.939400,On time,on_time,2026-04-30 00:06:35.542696,2026-04-30 19:16:55.943832,19
180,2026-04-30,2026-04-30 00:22:32.714632,2026-04-30 16:25:05.383022,On time,on_time,2026-04-30 00:22:32.718700,2026-04-30 16:25:05.386823,21
182,2026-04-30,2026-04-30 06:00:03.957084,2026-04-30 18:03:13.516663,On time,on_time,2026-04-30 06:00:03.960821,2026-04-30 18:03:13.520066,15
183,2026-04-30,2026-04-30 08:15:39.202064,2026-04-30 08:16:12.389388,On time,on_time,2026-04-30 08:15:39.205700,2026-04-30 08:16:12.392879,16
184,2026-04-30,2026-04-30 08:19:38.624563,2026-04-30 19:04:52.310656,7h 19m late,late,2026-04-30 08:19:38.629044,2026-04-30 19:04:52.315077,11
185,2026-04-30,2026-04-30 08:51:07.141964,2026-04-30 18:23:55.805925,On time,on_time,2026-04-30 08:51:07.146136,2026-04-30 18:23:55.809202,12
186,2026-04-30,2026-04-30 09:08:28.654876,2026-04-30 09:08:44.146921,On time,on_time,2026-04-30 09:08:28.659409,2026-04-30 09:08:44.150384,5
187,2026-04-30,2026-04-30 11:12:43.420937,2026-04-30 20:59:32.212690,1h 12m late,late,2026-04-30 11:12:43.425423,2026-04-30 20:59:32.216094,6
188,2026-04-30,2026-04-30 14:08:43.317276,2026-04-30 22:15:08.929520,8m late,late,2026-04-30 14:08:43.320836,2026-04-30 22:15:08.933057,14
189,2026-04-30,2026-04-30 15:28:29.513208,2026-04-30 23:13:44.282402,28m late,late,2026-04-30 15:28:29.514696,2026-04-30 23:13:44.283823,10
190,2026-04-30,2026-04-30 15:29:51.216496,,29m late,late,2026-04-30 15:29:51.221049,2026-04-30 15:29:51.221103,8
191,2026-04-30,2026-04-30 16:04:08.045024,2026-04-30 23:07:39.755169,4m late,late,2026-04-30 16:04:08.046754,2026-04-30 23:07:39.756052,4
192,2026-04-30,2026-04-30 16:25:25.916155,,1h 25m late,late,2026-04-30 16:25:25.920280,2026-04-30 16:25:25.920309,21
193,2026-04-30,2026-04-30 18:03:59.678276,,3m late,late,2026-04-30 18:03:59.682455,2026-04-30 18:03:59.682485,15
194,2026-04-30,2026-04-30 18:14:29.869019,,14m late,late,2026-04-30 18:14:29.873084,2026-04-30 18:14:29.873136,20
195,2026-04-30,2026-04-30 19:17:06.306131,,3h 17m late,late,2026-04-30 19:17:06.310883,2026-04-30 19:17:06.310913,19
196,2026-04-30,2026-04-30 23:18:04.803016,,18m late,late,2026-04-30 23:18:04.807783,2026-04-30 23:18:04.807813,5
197,2026-05-01,2026-05-01 00:01:54.934462,2026-05-01 19:56:59.029501,On time,on_time,2026-05-01 00:01:54.940565,2026-05-01 19:56:59.031199,18
198,2026-05-01,2026-05-01 00:02:05.320052,2026-05-01 16:09:14.539226,On time,on_time,2026-05-01 00:02:05.324054,2026-05-01 16:09:14.542909,19
199,2026-05-01,2026-05-01 00:05:32.033488,2026-05-01 12:10:05.543865,On time,on_time,2026-05-01 00:05:32.037112,2026-05-01 12:10:05.548007,16
200,2026-05-01,2026-05-01 00:07:50.203468,2026-05-01 00:08:15.817179,On time,on_time,2026-05-01 00:07:50.204779,2026-05-01 00:08:15.820502,9
201,2026-05-01,2026-05-01 00:49:33.115902,2026-05-01 00:49:48.641979,On time,on_time,2026-05-01 00:49:33.119926,2026-05-01 00:49:48.645320,21
202,2026-05-01,2026-05-01 02:03:15.380582,2026-05-01 20:24:21.049027,On time,on_time,2026-05-01 02:03:15.382217,2026-05-01 20:24:21.050679,20
203,2026-05-01,2026-05-01 03:15:16.061919,2026-05-01 03:15:26.389897,On time,on_time,2026-05-01 03:15:16.063269,2026-05-01 03:15:26.393799,8
205,2026-05-01,2026-05-01 07:00:06.746827,2026-05-01 18:08:56.310936,On time,on_time,2026-05-01 07:00:06.750067,2026-05-01 18:08:56.311826,15
206,2026-05-01,2026-05-01 07:47:23.102868,2026-05-01 15:41:33.721283,6h 47m late,late,2026-05-01 07:47:23.104658,2026-05-01 15:41:33.725266,11
207,2026-05-01,2026-05-01 08:09:11.584723,2026-05-01 17:35:07.583356,On time,on_time,2026-05-01 08:09:11.588242,2026-05-01 17:35:07.586895,12
208,2026-05-01,2026-05-01 08:17:51.690015,2026-05-01 08:17:54.290477,17m late,late,2026-05-01 08:17:51.691195,2026-05-01 08:17:54.295303,13
209,2026-05-01,2026-05-01 08:18:07.260736,2026-05-01 18:00:53.306998,18m late,late,2026-05-01 08:18:07.264567,2026-05-01 18:00:53.310511,13
210,2026-05-01,2026-05-01 09:04:07.795144,,On time,on_time,2026-05-01 09:04:07.799212,2026-05-01 09:04:07.799233,5
211,2026-05-01,2026-05-01 13:54:42.792773,2026-05-01 22:02:13.101455,On time,on_time,2026-05-01 13:54:42.793733,2026-05-01 22:02:13.103104,14
212,2026-05-01,2026-05-01 15:17:00.886900,2026-05-01 15:43:26.565765,17m late,late,2026-05-01 15:17:00.890914,2026-05-01 15:43:26.569271,8
213,2026-05-01,2026-05-01 15:37:48.503182,,On time,on_time,2026-05-01 15:37:48.507805,2026-05-01 15:37:48.507865,9
214,2026-05-01,2026-05-01 16:02:15.288039,2026-05-01 23:06:28.027106,2m late,late,2026-05-01 16:02:15.292803,2026-05-01 23:06:28.030388,4
215,2026-05-01,2026-05-01 18:10:28.704100,,10m late,late,2026-05-01 18:10:28.707791,2026-05-01 18:10:28.707822,15
216,2026-05-01,2026-05-01 18:58:11.534757,,3h 58m late,late,2026-05-01 18:58:11.538733,2026-05-01 18:58:11.538790,8
217,2026-05-02,2026-05-02 00:00:07.798077,2026-05-02 12:10:58.219630,On time,on_time,2026-05-02 00:00:07.803052,2026-05-02 12:10:58.220846,16
218,2026-05-02,2026-05-02 00:07:37.802447,2026-05-02 00:08:08.462931,On time,on_time,2026-05-02 00:07:37.806204,2026-05-02 00:08:08.464335,9
219,2026-05-02,2026-05-02 00:29:00.001847,2026-05-02 00:29:12.884743,On time,on_time,2026-05-02 00:29:00.005558,2026-05-02 00:29:12.888138,19
220,2026-05-02,2026-05-02 02:02:35.524451,2026-05-02 02:02:40.709844,On time,on_time,2026-05-02 02:02:35.528400,2026-05-02 02:02:40.714326,20
221,2026-05-02,2026-05-02 05:22:16.361210,,On time,on_time,2026-05-02 05:22:16.365875,2026-05-02 05:22:16.365904,15
222,2026-05-02,2026-05-02 06:49:22.536871,2026-05-02 06:49:27.722218,On time,on_time,2026-05-02 06:49:22.541704,2026-05-02 06:49:27.726399,8
223,2026-05-02,2026-05-02 07:08:06.403405,2026-05-02 16:12:35.355504,6h 8m late,late,2026-05-02 07:08:06.404942,2026-05-02 16:12:35.358997,11
224,2026-05-02,2026-05-02 07:25:29.182943,2026-05-02 20:55:18.478862,On time,on_time,2026-05-02 07:25:29.186538,2026-05-02 20:55:18.482141,13
225,2026-05-02,2026-05-02 08:03:19.569520,2026-05-02 16:19:42.268395,On time,on_time,2026-05-02 08:03:19.571716,2026-05-02 16:19:42.272198,18
226,2026-05-02,2026-05-02 08:54:21.201885,2026-05-02 17:31:14.911039,On time,on_time,2026-05-02 08:54:21.203295,2026-05-02 17:31:14.914284,12
227,2026-05-02,2026-05-02 10:11:14.369353,2026-05-02 20:12:46.529298,11m late,late,2026-05-02 10:11:14.370617,2026-05-02 20:12:46.533387,7
228,2026-05-02,2026-05-02 12:20:04.789381,2026-05-02 12:20:12.547935,On time,on_time,2026-05-02 12:20:04.793159,2026-05-02 12:20:12.549624,21
229,2026-05-02,2026-05-02 12:20:17.716812,,On time,on_time,2026-05-02 12:20:17.720802,2026-05-02 12:20:17.720833,21
230,2026-05-02,2026-05-02 14:03:53.021499,2026-05-02 22:08:56.426770,3m late,late,2026-05-02 14:03:53.022886,2026-05-02 22:08:56.430094,14
231,2026-05-02,2026-05-02 16:05:25.687312,2026-05-02 23:08:23.778013,5m late,late,2026-05-02 16:05:25.688365,2026-05-02 23:08:23.781402,4
232,2026-05-02,2026-05-02 16:19:52.687032,,19m late,late,2026-05-02 16:19:52.690883,2026-05-02 16:19:52.690914,19
233,2026-05-02,2026-05-02 18:29:27.239198,,29m late,late,2026-05-02 18:29:27.243564,2026-05-02 18:29:27.243595,20
234,2026-05-02,2026-05-02 19:09:06.609310,,4h 9m late,late,2026-05-02 19:09:06.612835,2026-05-02 19:09:06.612853,8
235,2026-05-02,2026-05-02 20:10:22.634808,,4h 10m late,late,2026-05-02 20:10:22.638536,2026-05-02 20:10:22.638569,18
236,2026-05-03,2026-05-03 00:04:24.901233,2026-05-03 00:04:42.986085,On time,on_time,2026-05-03 00:04:24.905860,2026-05-03 00:04:42.990194,19
237,2026-05-03,2026-05-03 01:06:13.904893,2026-05-03 01:06:21.632134,On time,on_time,2026-05-03 01:06:13.908681,2026-05-03 01:06:21.633066,21
238,2026-05-03,2026-05-03 02:05:10.430159,2026-05-03 02:05:15.629223,On time,on_time,2026-05-03 02:05:10.431551,2026-05-03 02:05:15.632580,20
239,2026-05-03,2026-05-03 02:06:07.060471,2026-05-03 11:09:56.087722,1h 6m late,late,2026-05-03 02:06:07.064007,2026-05-03 11:09:56.090941,11
240,2026-05-03,2026-05-03 06:45:10.739897,2026-05-03 06:45:15.938689,On time,on_time,2026-05-03 06:45:10.741439,2026-05-03 06:45:15.942666,8
241,2026-05-03,2026-05-03 09:04:52.544303,2026-05-03 19:28:20.076777,4m late,late,2026-05-03 09:04:52.549022,2026-05-03 19:28:20.077632,12
242,2026-05-03,2026-05-03 10:11:55.226931,2026-05-03 20:06:36.713822,11m late,late,2026-05-03 10:11:55.230785,2026-05-03 20:06:36.717428,7
243,2026-05-03,2026-05-03 11:18:58.837714,2026-05-03 20:58:21.026160,1h 18m late,late,2026-05-03 11:18:58.838731,2026-05-03 20:58:21.029752,6
244,2026-05-03,2026-05-03 12:23:00.149632,,On time,on_time,2026-05-03 12:23:00.154988,2026-05-03 12:23:00.155010,21
245,2026-05-03,2026-05-03 14:09:48.304499,2026-05-03 23:07:12.789897,6h 9m late,late,2026-05-03 14:09:48.309004,2026-05-03 23:07:12.793177,13
246,2026-05-03,2026-05-03 14:13:26.545732,2026-05-03 20:00:37.522307,13m late,late,2026-05-03 14:13:26.550808,2026-05-03 20:00:37.526044,14
247,2026-05-03,2026-05-03 15:47:56.142535,,On time,on_time,2026-05-03 15:47:56.144411,2026-05-03 15:47:56.144420,9
248,2026-05-03,2026-05-03 16:27:43.418271,,On time,on_time,2026-05-03 16:27:43.422234,2026-05-03 16:27:43.422292,15
249,2026-05-03,2026-05-03 16:43:28.689045,2026-05-03 23:59:08.637543,43m late,late,2026-05-03 16:43:28.693946,2026-05-03 23:59:08.640948,19
250,2026-05-03,2026-05-03 18:47:44.104252,,47m late,late,2026-05-03 18:47:44.108249,2026-05-03 18:47:44.108277,20
251,2026-05-03,2026-05-03 23:03:03.799225,,3m late,late,2026-05-03 23:03:03.803245,2026-05-03 23:03:03.803275,5
252,2026-05-04,2026-05-04 00:02:31.185983,2026-05-04 08:10:30.496540,On time,on_time,2026-05-04 00:02:31.190501,2026-05-04 08:10:30.497855,16
253,2026-05-04,2026-05-04 00:04:19.060764,2026-05-04 00:04:26.863170,On time,on_time,2026-05-04 00:04:19.064339,2026-05-04 00:04:26.866579,9
254,2026-05-04,2026-05-04 00:25:55.588404,2026-05-04 00:26:03.349956,On time,on_time,2026-05-04 00:25:55.593046,2026-05-04 00:26:03.352332,21
255,2026-05-04,2026-05-04 02:02:47.436601,2026-05-04 02:02:52.745184,On time,on_time,2026-05-04 02:02:47.437523,2026-05-04 02:02:52.749421,20
256,2026-05-04,2026-05-04 05:06:30.579990,2026-05-04 05:07:03.977748,On time,on_time,2026-05-04 05:06:30.581001,2026-05-04 05:07:03.978666,15
257,2026-05-04,2026-05-04 08:33:37.023099,2026-05-04 18:01:37.392320,33m late,late,2026-05-04 08:33:37.027015,2026-05-04 18:01:37.395129,13
258,2026-05-04,2026-05-04 08:44:12.362796,2026-05-04 08:44:20.275163,On time,on_time,2026-05-04 08:44:12.367172,2026-05-04 08:44:20.276140,5
259,2026-05-04,2026-05-04 09:18:16.039992,2026-05-04 18:05:21.679636,18m late,late,2026-05-04 09:18:16.041113,2026-05-04 18:05:21.683851,12
260,2026-05-04,2026-05-04 10:11:53.080889,2026-05-04 10:11:53.131432,11m late,late,2026-05-04 10:11:53.084676,2026-05-04 10:11:53.133197,7
261,2026-05-04,2026-05-04 10:11:55.806903,2026-05-04 20:14:10.848635,11m late,late,2026-05-04 10:11:55.811380,2026-05-04 20:14:10.852677,7
262,2026-05-04,2026-05-04 11:14:05.651687,2026-05-04 21:03:25.393994,1h 14m late,late,2026-05-04 11:14:05.655265,2026-05-04 21:03:25.396935,6
263,2026-05-04,2026-05-04 11:53:47.350825,2026-05-04 21:28:02.114326,10h 53m late,late,2026-05-04 11:53:47.354663,2026-05-04 21:28:02.115327,11
264,2026-05-04,2026-05-04 15:20:56.678111,,20m late,late,2026-05-04 15:20:56.681753,2026-05-04 15:20:56.681782,8
265,2026-05-04,2026-05-04 15:39:41.074032,,39m late,late,2026-05-04 15:39:41.077946,2026-05-04 15:39:41.078002,21
266,2026-05-04,2026-05-04 16:08:48.748621,2026-05-04 23:11:22.563193,8m late,late,2026-05-04 16:08:48.749642,2026-05-04 23:11:22.566412,4
267,2026-05-04,2026-05-04 16:12:06.626105,,12m late,late,2026-05-04 16:12:06.630235,2026-05-04 16:12:06.630266,9
268,2026-05-04,2026-05-04 16:15:57.287489,2026-05-04 21:10:38.573867,15m late,late,2026-05-04 16:15:57.291905,2026-05-04 21:10:38.577455,18
269,2026-05-04,2026-05-04 17:47:49.996292,,On time,on_time,2026-05-04 17:47:49.999938,2026-05-04 17:47:49.999967,15
270,2026-05-04,2026-05-04 19:51:41.295693,2026-05-04 19:51:43.902066,11h 51m late,late,2026-05-04 19:51:41.300236,2026-05-04 19:51:43.905343,17
271,2026-05-04,2026-05-04 21:05:55.436682,2026-05-04 21:07:51.440212,6h 5m late,late,2026-05-04 21:05:55.439212,2026-05-04 21:07:51.441893,23
272,2026-05-04,2026-05-04 21:10:46.474835,,5h 10m late,late,2026-05-04 21:10:46.476287,2026-05-04 21:10:46.476300,18
273,2026-05-04,2026-05-04 21:14:18.050932,2026-05-04 22:56:38.677260,8h 14m late,late,2026-05-04 21:14:18.052398,2026-05-04 22:56:38.678115,22
274,2026-05-04,2026-05-04 23:08:04.594848,,8m late,late,2026-05-04 23:08:04.598946,2026-05-04 23:08:04.598977,5
276,2026-05-05,2026-05-05 00:00:37.872301,2026-05-05 08:23:08.747642,On time,on_time,2026-05-05 00:00:37.876676,2026-05-05 08:23:08.751194,16
277,2026-05-05,2026-05-05 00:04:52.530673,2026-05-05 00:05:00.342419,On time,on_time,2026-05-05 00:04:52.535251,2026-05-05 00:05:00.345794,9
278,2026-05-05,2026-05-05 00:59:49.972258,2026-05-05 01:00:03.147742,On time,on_time,2026-05-05 00:59:49.973359,2026-05-05 01:00:03.152104,21
279,2026-05-05,2026-05-05 03:20:11.966248,2026-05-05 03:20:37.914447,On time,on_time,2026-05-05 03:20:11.970712,2026-05-05 03:20:37.919307,8
280,2026-05-05,2026-05-05 05:46:28.768247,2026-05-05 05:46:46.837468,On time,on_time,2026-05-05 05:46:28.771792,2026-05-05 05:46:46.840770,15
281,2026-05-05,2026-05-05 08:29:26.455576,2026-05-05 18:02:47.102768,29m late,late,2026-05-05 08:29:26.457128,2026-05-05 18:02:47.106330,13
282,2026-05-05,2026-05-05 09:04:28.375101,2026-05-05 09:04:36.156438,On time,on_time,2026-05-05 09:04:28.378932,2026-05-05 09:04:36.159346,5
283,2026-05-05,2026-05-05 09:19:29.626220,2026-05-05 09:19:32.245043,19m late,late,2026-05-05 09:19:29.627975,2026-05-05 09:19:32.249418,12
284,2026-05-05,2026-05-05 09:19:37.485249,2026-05-05 19:00:54.101769,19m late,late,2026-05-05 09:19:37.489049,2026-05-05 19:00:54.103221,12
285,2026-05-05,2026-05-05 11:02:08.309167,,3h 2m late,late,2026-05-05 11:02:08.310646,2026-05-05 11:02:08.310656,17
286,2026-05-05,2026-05-05 11:07:11.589369,2026-05-05 21:03:31.395886,1h 7m late,late,2026-05-05 11:07:11.593044,2026-05-05 21:03:31.399127,6
287,2026-05-05,2026-05-05 12:11:38.188593,2026-05-05 20:49:13.155671,11h 11m late,late,2026-05-05 12:11:38.192201,2026-05-05 20:49:13.156922,11
288,2026-05-05,2026-05-05 12:21:09.140860,2026-05-05 12:21:22.232020,On time,on_time,2026-05-05 12:21:09.142143,2026-05-05 12:21:22.236187,23
289,2026-05-05,2026-05-05 13:40:56.558235,,40m late,late,2026-05-05 13:40:56.561910,2026-05-05 13:40:56.561939,22
290,2026-05-05,2026-05-05 15:02:24.104847,,2m late,late,2026-05-05 15:02:24.106456,2026-05-05 15:02:24.106471,21
291,2026-05-05,2026-05-05 15:28:56.943828,,28m late,late,2026-05-05 15:28:56.950962,2026-05-05 15:28:56.950993,8
292,2026-05-05,2026-05-05 15:36:08.730472,2026-05-05 23:07:17.716618,1h 36m late,late,2026-05-05 15:36:08.734931,2026-05-05 23:07:17.720262,14
293,2026-05-05,2026-05-05 15:49:25.462962,2026-05-05 23:54:00.150530,On time,on_time,2026-05-05 15:49:25.466990,2026-05-05 23:54:00.154482,9
294,2026-05-05,2026-05-05 16:00:08.108800,2026-05-05 23:54:13.179674,0m late,late,2026-05-05 16:00:08.113175,2026-05-05 23:54:13.184185,18
295,2026-05-05,2026-05-05 16:07:04.821677,2026-05-05 23:07:25.675216,7m late,late,2026-05-05 16:07:04.825756,2026-05-05 23:07:25.679486,4
296,2026-05-05,2026-05-05 18:01:32.076555,,1m late,late,2026-05-05 18:01:32.080136,2026-05-05 18:01:32.080165,15
297,2026-05-05,2026-05-05 18:13:38.265707,,13m late,late,2026-05-05 18:13:38.269380,2026-05-05 18:13:38.269409,20
298,2026-05-05,2026-05-05 23:07:04.665450,,7m late,late,2026-05-05 23:07:04.669352,2026-05-05 23:07:04.669383,16
299,2026-05-05,2026-05-05 23:08:37.987724,,8m late,late,2026-05-05 23:08:37.991983,2026-05-05 23:08:37.992053,5
300,2026-05-06,2026-05-06 00:36:02.673537,2026-05-06 00:36:20.880097,On time,on_time,2026-05-06 00:36:02.677619,2026-05-06 00:36:20.881239,21
301,2026-05-06,2026-05-06 02:07:25.386427,2026-05-06 02:07:30.540704,On time,on_time,2026-05-06 02:07:25.390310,2026-05-06 02:07:30.544442,20
302,2026-05-06,2026-05-06 03:23:09.366814,2026-05-06 03:23:24.831260,On time,on_time,2026-05-06 03:23:09.370554,2026-05-06 03:23:24.832641,8
303,2026-05-06,2026-05-06 03:23:35.325156,2026-05-06 15:24:23.522609,On time,on_time,2026-05-06 03:23:35.327986,2026-05-06 15:24:23.526631,8
304,2026-05-06,2026-05-06 06:15:19.017353,2026-05-06 06:15:31.870371,On time,on_time,2026-05-06 06:15:19.018292,2026-05-06 06:15:31.871225,15
305,2026-05-06,2026-05-06 08:21:44.610438,2026-05-06 08:22:05.419749,On time,on_time,2026-05-06 08:21:44.614193,2026-05-06 08:22:05.421438,16
306,2026-05-06,2026-05-06 08:23:48.821572,2026-05-06 18:07:38.326486,23m late,late,2026-05-06 08:23:48.823682,2026-05-06 18:07:38.330068,13
307,2026-05-06,2026-05-06 08:58:06.765278,2026-05-06 08:58:19.762165,On time,on_time,2026-05-06 08:58:06.769191,2026-05-06 08:58:19.765514,5
308,2026-05-06,2026-05-06 09:00:57.263625,2026-05-06 19:30:17.946138,0m late,late,2026-05-06 09:00:57.267255,2026-05-06 19:30:17.947155,12
309,2026-05-06,2026-05-06 10:29:21.126220,2026-05-06 20:20:26.819444,29m late,late,2026-05-06 10:29:21.131509,2026-05-06 20:20:26.823052,7
310,2026-05-06,2026-05-06 11:15:09.757876,2026-05-06 21:01:48.789445,1h 15m late,late,2026-05-06 11:15:09.761520,2026-05-06 21:01:48.793312,6
311,2026-05-06,2026-05-06 12:06:11.329719,2026-05-06 21:33:18.583349,11h 6m late,late,2026-05-06 12:06:11.334140,2026-05-06 21:33:18.587438,11
312,2026-05-06,2026-05-06 15:19:35.169602,,19m late,late,2026-05-06 15:19:35.171097,2026-05-06 15:19:35.171120,21
313,2026-05-06,2026-05-06 15:24:54.934790,2026-05-07 03:25:23.879923,24m late,late,2026-05-06 15:24:54.939230,2026-05-07 03:25:23.883144,8
314,2026-05-06,2026-05-06 15:45:35.633006,,On time,on_time,2026-05-06 15:45:35.637603,2026-05-06 15:45:35.637634,9
315,2026-05-06,2026-05-06 15:47:13.794721,2026-05-06 23:07:44.607862,1h 47m late,late,2026-05-06 15:47:13.799942,2026-05-06 23:07:44.611475,14
316,2026-05-06,2026-05-06 16:01:58.930943,,1m late,late,2026-05-06 16:01:58.931886,2026-05-06 16:01:58.931894,18
317,2026-05-06,2026-05-06 16:05:17.531699,2026-05-06 23:01:20.076436,5m late,late,2026-05-06 16:05:17.535291,2026-05-06 23:01:20.080525,4
318,2026-05-06,2026-05-06 17:50:30.314493,2026-05-07 05:51:26.899077,On time,on_time,2026-05-06 17:50:30.318260,2026-05-07 05:51:26.902207,15
319,2026-05-06,2026-05-06 18:34:00.355108,,34m late,late,2026-05-06 18:34:00.356455,2026-05-06 18:34:00.356467,20
320,2026-05-06,2026-05-06 19:29:02.674398,,11h 29m late,late,2026-05-06 19:29:02.679473,2026-05-06 19:29:02.679506,17
328,2026-05-06,2026-05-06 23:03:44.606439,2026-05-07 08:20:00.984786,3m late,late,2026-05-06 23:03:44.611160,2026-05-07 08:20:00.987925,16
329,2026-05-06,2026-05-06 23:09:35.842781,2026-05-06 23:09:41.100994,10h 9m late,late,2026-05-06 23:09:35.846264,2026-05-06 23:09:41.104940,22
330,2026-05-06,2026-05-06 23:14:37.705641,,14m late,late,2026-05-06 23:14:37.706682,2026-05-06 23:14:37.706689,5
331,2026-05-07,2026-05-07 00:07:06.039119,2026-05-07 00:07:31.937874,On time,on_time,2026-05-07 00:07:06.041184,2026-05-07 00:07:31.941444,18
332,2026-05-07,2026-05-07 00:07:39.861829,2026-05-07 00:07:47.792891,On time,on_time,2026-05-07 00:07:39.863868,2026-05-07 00:07:47.796118,9
336,2026-05-07,2026-05-07 00:33:15.416613,2026-05-07 00:33:25.770037,On time,on_time,2026-05-07 00:33:15.422416,2026-05-07 00:33:25.771272,21
347,2026-05-06,2026-05-06 15:46:53.401250,2026-05-07 02:35:31.333989,46m late,late,2026-05-06 15:46:53.402650,2026-05-07 02:35:31.335013,1
362,2026-05-07,2026-05-07 02:35:42.427005,2026-05-07 02:35:47.961928,11h 35m late,late,2026-05-07 02:35:42.432876,2026-05-07 02:35:47.962872,1
363,2026-05-07,2026-05-07 02:35:53.508462,2026-05-07 02:35:56.635999,11h 35m late,late,2026-05-07 02:35:53.514355,2026-05-07 02:35:56.637451,1
364,2026-05-07,2026-05-07 02:39:33.227254,2026-05-07 02:39:36.294634,11h 39m late,late,2026-05-07 02:39:33.230991,2026-05-07 02:39:36.297804,1
365,2026-05-07,2026-05-07 09:03:03.139841,2026-05-07 20:10:01.669305,3m late,late,2026-05-07 09:03:03.147962,2026-05-07 20:10:01.672455,12
366,2026-05-07,2026-05-07 10:16:48.193850,2026-05-07 20:09:47.521239,16m late,late,2026-05-07 10:16:48.201069,2026-05-07 20:09:47.524335,7
367,2026-05-07,2026-05-07 11:16:21.627933,2026-05-07 21:02:15.296032,1h 16m late,late,2026-05-07 11:16:21.636306,2026-05-07 21:02:15.296911,6
368,2026-05-07,2026-05-07 12:05:16.209480,2026-05-07 20:21:47.333363,11h 5m late,late,2026-05-07 12:05:16.216239,2026-05-07 20:21:47.336498,11
369,2026-05-07,2026-05-07 12:11:28.146368,2026-05-07 20:09:53.289559,you are late 251m,late,2026-05-07 12:11:28.153925,2026-05-07 20:09:53.290767,17
370,2026-05-07,2026-05-07 13:18:43.598371,2026-05-07 23:06:16.958703,18m late,late,2026-05-07 13:18:43.604612,2026-05-07 23:06:16.962395,22
371,2026-05-07,2026-05-07 13:57:08.092553,2026-05-07 23:25:29.710564,On time,on_time,2026-05-07 13:57:08.100043,2026-05-07 23:25:29.713835,14
372,2026-05-07,2026-05-07 15:12:56.408402,2026-05-08 01:03:27.519735,12m late,late,2026-05-07 15:12:56.415747,2026-05-08 01:03:27.521321,21
373,2026-05-07,2026-05-07 15:28:10.776814,2026-05-08 03:03:09.227852,28m late,late,2026-05-07 15:28:10.779597,2026-05-08 03:03:09.229182,8
374,2026-05-07,2026-05-07 16:00:37.920140,2026-05-07 23:03:14.485125,0m late,late,2026-05-07 16:00:37.926501,2026-05-07 23:03:14.488550,4
375,2026-05-07,2026-05-07 16:00:46.257268,2026-05-07 23:59:07.173367,0m late,late,2026-05-07 16:00:46.259041,2026-05-07 23:59:07.174300,9
376,2026-05-07,2026-05-07 16:29:00.498879,2026-05-07 23:59:20.971938,29m late,late,2026-05-07 16:29:00.505754,2026-05-07 23:59:20.975133,18
377,2026-05-07,2026-05-07 16:31:54.538247,2026-05-07 19:26:12.211263,31m late,late,2026-05-07 16:31:54.539840,2026-05-07 19:26:12.214292,19
378,2026-05-07,2026-05-07 17:47:05.279230,2026-05-07 17:53:22.577042,9h 47m late,late,2026-05-07 17:47:05.285179,2026-05-07 17:53:22.579998,24
379,2026-05-07,2026-05-07 17:55:10.378045,2026-05-08 05:59:03.672111,23h 55m late,late,2026-05-07 17:55:10.379830,2026-05-08 05:59:03.675188,15
380,2026-05-07,2026-05-07 18:38:51.252004,2026-05-07 18:39:04.986989,3h 38m late,late,2026-05-07 18:38:51.253970,2026-05-07 18:39:04.987930,1
381,2026-05-07,2026-05-07 18:52:13.806536,2026-05-08 01:58:34.185931,you are late 52m,late,2026-05-07 18:52:13.808988,2026-05-08 01:58:34.189088,20
382,2026-05-07,2026-05-07 23:10:22,2026-05-08 08:59:54.839415,you are late 10m,late,2026-05-07 23:10:22.892683,2026-05-08 08:59:54.840323,5
383,2026-05-08,2026-05-08 00:01:33.877787,,1h 1m late,late,2026-05-08 00:01:33.885555,2026-05-08 00:01:33.885589,16
385,2026-05-08,2026-05-08 02:27:23.199333,2026-05-08 02:27:28.789888,11h 27m late,late,2026-05-08 02:27:23.201388,2026-05-08 02:27:28.792236,1
386,2026-05-08,2026-05-08 07:59:16.492881,2026-05-08 15:59:18.639206,6h 59m late,late,2026-05-08 07:59:16.499644,2026-05-08 15:59:18.642976,11
387,2026-05-08,2026-05-08 08:18:37.613688,2026-05-08 18:01:52.080447,18m late,late,2026-05-08 08:18:37.620403,2026-05-08 18:01:52.083842,13
388,2026-05-08,2026-05-08 09:04:41.996659,2026-05-08 17:08:24.886119,4m late,late,2026-05-08 09:04:42.003220,2026-05-08 17:08:24.889246,12
389,2026-05-08,2026-05-08 10:13:42.444282,2026-05-08 20:02:06.718537,13m late,late,2026-05-08 10:13:42.452400,2026-05-08 20:02:06.721623,7
390,2026-05-08,2026-05-08 12:31:15.097477,2026-05-09 00:51:22.607728,21h 31m late,late,2026-05-08 12:31:15.105228,2026-05-09 00:51:22.611017,21
391,2026-05-08,2026-05-08 14:29:10.681658,,29m late,late,2026-05-08 14:29:10.691412,2026-05-08 14:29:10.691454,14
392,2026-05-08,2026-05-08 14:41:29.710381,,23h 41m late,late,2026-05-08 14:41:29.717182,2026-05-08 14:41:29.717242,23
393,2026-05-08,2026-05-08 15:42:55.694961,2026-05-09 00:05:50.606917,23h 42m late,late,2026-05-08 15:42:55.701973,2026-05-09 00:05:50.610136,9
394,2026-05-08,2026-05-08 16:10:26.219062,,10m late,late,2026-05-08 16:10:26.227622,2026-05-08 16:10:26.227654,4
395,2026-05-08,2026-05-08 17:49:42.822970,,23h 49m late,late,2026-05-08 17:49:42.830786,2026-05-08 17:49:42.830818,15
396,2026-05-08,2026-05-08 18:44:52.428458,2026-05-09 01:51:39.713746,44m late,late,2026-05-08 18:44:52.435800,2026-05-09 01:51:39.716072,20
397,2026-05-08,2026-05-08 18:58:50.888728,2026-05-09 07:15:52.761133,3h 58m late,late,2026-05-08 18:58:50.895990,2026-05-09 07:15:52.764816,8
398,2026-05-09,2026-05-09 00:02:40.930722,,9h 2m late,late,2026-05-09 00:02:40.934902,2026-05-09 00:02:40.934918,1
399,2026-05-09,2026-05-09 00:08:29.210452,2026-05-09 12:04:47.585138,you are late 68m,late,2026-05-09 00:08:29.217996,2026-05-09 12:04:47.588566,16
400,2026-05-09,2026-05-09 08:45:44.952318,2026-05-09 18:11:26.182362,45m late,late,2026-05-09 08:45:44.954657,2026-05-09 18:11:26.183295,13
401,2026-05-09,2026-05-09 08:57:38.404777,2026-05-09 17:19:50.696683,On time,on_time,2026-05-09 08:57:38.411460,2026-05-09 17:19:50.699840,12
402,2026-05-09,2026-05-09 09:12:09.910786,2026-05-09 09:12:33.800867,you are late 912m,late,2026-05-09 09:12:09.918678,2026-05-09 09:12:33.804070,15
403,2026-05-09,2026-05-09 10:04:59.625924,2026-05-09 20:16:20.230969,4m late,late,2026-05-09 10:04:59.634239,2026-05-09 20:16:20.231895,7
404,2026-05-09,2026-05-09 11:06:25.055914,2026-05-09 20:58:24.446216,1h 6m late,late,2026-05-09 11:06:25.062255,2026-05-09 20:58:24.447129,6
405,2026-05-09,2026-05-09 11:46:06.190704,2026-05-09 19:11:16.061586,3h 46m late,late,2026-05-09 11:46:06.198554,2026-05-09 19:11:16.064649,17
406,2026-05-09,2026-05-09 11:56:26.894755,2026-05-09 20:02:37.935055,10h 56m late,late,2026-05-09 11:56:26.901499,2026-05-09 20:02:37.936267,11
407,2026-05-09,2026-05-09 12:11:35.986042,2026-05-10 00:27:08.781250,4h 11m late,late,2026-05-09 12:11:35.993472,2026-05-10 00:27:08.784293,24
408,2026-05-09,2026-05-09 13:31:18.628713,2026-05-09 23:09:23.428817,31m late,late,2026-05-09 13:31:18.636166,2026-05-09 23:09:23.430271,22
409,2026-05-09,2026-05-09 14:23:43.929443,,you are late 1403m,late,2026-05-09 14:23:43.936969,2026-05-09 14:23:43.936997,23
410,2026-05-09,2026-05-09 14:24:31.464900,2026-05-09 22:20:21.008174,you are late 24m,late,2026-05-09 14:24:31.471700,2026-05-09 22:20:21.009428,14
411,2026-05-09,2026-05-09 16:03:15.809149,2026-05-09 21:28:45.858923,you are late 3m,late,2026-05-09 16:03:15.815540,2026-05-09 21:28:45.862044,4
412,2026-05-09,2026-05-09 16:16:24.297309,2026-05-10 03:04:03.136765,1h 16m late,late,2026-05-09 16:16:24.304150,2026-05-10 03:04:03.139784,8
413,2026-05-09,2026-05-09 16:37:18.140669,2026-05-10 00:03:19.830323,37m late,late,2026-05-09 16:37:18.147886,2026-05-10 00:03:19.833388,18
414,2026-05-09,2026-05-09 16:37:25.596941,2026-05-10 00:03:39.302625,37m late,late,2026-05-09 16:37:25.603052,2026-05-10 00:03:39.306368,19
415,2026-05-09,2026-05-09 18:55:14.517913,2026-05-10 01:58:12.641110,55m late,late,2026-05-09 18:55:14.520031,2026-05-10 01:58:12.645584,20
416,2026-05-09,2026-05-09 20:21:01.472112,2026-05-10 06:05:43.944860,21h 21m late,late,2026-05-09 20:21:01.478940,2026-05-10 06:05:43.948900,5
417,2026-05-09,2026-05-09 23:44:11.300081,2026-05-10 12:24:16.172293,8h 44m late,late,2026-05-09 23:44:11.302180,2026-05-10 12:24:16.175494,21
418,2026-05-10,2026-05-10 06:03:28.495477,2026-05-10 14:23:05.027598,5h 3m late,late,2026-05-10 06:03:28.498419,2026-05-10 14:23:05.031027,11
419,2026-05-10,2026-05-10 09:00:12.207971,2026-05-10 18:10:53.090653,0m late,late,2026-05-10 09:00:12.214922,2026-05-10 18:10:53.094314,12
420,2026-05-10,2026-05-10 09:40:02.641167,2026-05-10 18:11:10.502812,1h 40m late,late,2026-05-10 09:40:02.647713,2026-05-10 18:11:10.504124,17
421,2026-05-10,2026-05-10 10:19:53.333016,,19m late,late,2026-05-10 10:19:53.343468,2026-05-10 10:19:53.343497,7
422,2026-05-10,2026-05-10 11:14:17.583481,2026-05-10 21:00:16.107261,1h 14m late,late,2026-05-10 11:14:17.591358,2026-05-10 21:00:16.115634,6
423,2026-05-10,2026-05-10 12:17:29.482185,2026-05-10 23:57:38.688454,4h 17m late,late,2026-05-10 12:17:29.489388,2026-05-10 23:57:38.691889,24
424,2026-05-10,2026-05-10 13:07:50.106480,2026-05-10 21:21:29.455645,7m late,late,2026-05-10 13:07:50.114696,2026-05-10 21:21:29.456943,22
425,2026-05-10,2026-05-10 14:13:10.041303,2026-05-10 22:16:54.686530,13m late,late,2026-05-10 14:13:10.048227,2026-05-10 22:16:54.690246,14
426,2026-05-10,2026-05-10 14:20:52.299979,2026-05-11 00:00:48.466312,6h 20m late,late,2026-05-10 14:20:52.302712,2026-05-11 00:00:48.467479,13
427,2026-05-10,2026-05-10 16:04:42.032402,2026-05-11 00:00:31.075971,4m late,late,2026-05-10 16:04:42.040393,2026-05-11 00:00:31.079744,9
428,2026-05-10,2026-05-10 16:15:02.826260,2026-05-11 00:00:58.479431,15m late,late,2026-05-10 16:15:02.833263,2026-05-11 00:00:58.480259,19
429,2026-05-10,2026-05-10 17:26:47.950691,2026-05-11 00:00:21.029097,1h 26m late,late,2026-05-10 17:26:47.958569,2026-05-11 00:00:21.032340,18
430,2026-05-10,2026-05-10 18:03:41.594101,,3m late,late,2026-05-10 18:03:41.600849,2026-05-10 18:03:41.600876,15
431,2026-05-10,2026-05-10 18:59:26.064831,2026-05-10 21:21:51.919082,59m late,late,2026-05-10 18:59:26.071126,2026-05-10 21:21:51.921531,20
432,2026-05-10,2026-05-10 23:52:05.244534,2026-05-11 08:29:52.190150,52m late,late,2026-05-10 23:52:05.253084,2026-05-11 08:29:52.194366,16
433,2026-05-11,2026-05-11 06:06:39.014747,2026-05-11 06:06:48.937513,7h 6m late,late,2026-05-11 06:06:39.017282,2026-05-11 06:06:48.940768,5
434,2026-05-11,2026-05-11 06:17:28.837288,2026-05-11 14:03:47.416982,5h 17m late,late,2026-05-11 06:17:28.844252,2026-05-11 14:03:47.420598,11
435,2026-05-11,2026-05-11 08:16:49.160413,,16m late,late,2026-05-11 08:16:49.162935,2026-05-11 08:16:49.162945,24
436,2026-05-11,2026-05-11 08:31:52.853283,2026-05-11 18:13:03.129691,31m late,late,2026-05-11 08:31:52.855884,2026-05-11 18:13:03.133975,13
437,2026-05-11,2026-05-11 08:59:57.668647,2026-05-11 17:32:22.114071,On time,on_time,2026-05-11 08:59:57.672108,2026-05-11 17:32:22.117152,12
438,2026-05-11,2026-05-11 09:00:32.259010,2026-05-11 09:00:39.778322,you are late 900m,late,2026-05-11 09:00:32.266677,2026-05-11 09:00:39.779863,15
439,2026-05-11,2026-05-11 10:20:32.172630,2026-05-12 00:10:40.290198,you are late 20m,late,2026-05-11 10:20:32.180272,2026-05-12 00:10:40.291531,7
440,2026-05-11,2026-05-11 10:24:01.376506,,2h 24m late,late,2026-05-11 10:24:01.383024,2026-05-11 10:24:01.383052,17
441,2026-05-11,2026-05-11 11:11:22.060213,2026-05-11 20:58:10.251244,1h 11m late,late,2026-05-11 11:11:22.067763,2026-05-11 20:58:10.255495,6
442,2026-05-11,2026-05-11 14:29:28.309191,2026-05-11 23:53:33.522053,you are late 1409m,late,2026-05-11 14:29:28.317098,2026-05-11 23:53:33.525948,23
443,2026-05-11,2026-05-11 14:35:46.992947,2026-05-11 23:05:59.019089,1h 35m late,late,2026-05-11 14:35:46.999883,2026-05-11 23:05:59.022084,22
444,2026-05-11,2026-05-11 14:54:48.144448,2026-05-12 00:31:30.069238,23h 54m late,late,2026-05-11 14:54:48.150866,2026-05-12 00:31:30.072882,21
445,2026-05-11,2026-05-11 15:19:56.605967,2026-05-12 03:20:16.682009,19m late,late,2026-05-11 15:19:56.613624,2026-05-12 03:20:16.683159,8
446,2026-05-11,2026-05-11 16:07:48.446305,2026-05-12 00:24:10.994743,7m late,late,2026-05-11 16:07:48.454837,2026-05-12 00:24:10.995835,9
447,2026-05-11,2026-05-11 19:17:51.106950,2026-05-12 03:27:30.646980,1h 17m late,late,2026-05-11 19:17:51.108633,2026-05-12 03:27:30.650761,15
448,2026-05-11,2026-05-11 19:29:38.937408,2026-05-11 19:29:46.534204,you are late 269m,late,2026-05-11 19:29:38.940110,2026-05-11 19:29:46.535349,1
449,2026-05-11,2026-05-11 19:49:20.394807,2026-05-12 00:30:47.673706,4h 49m late,late,2026-05-11 19:49:20.398058,2026-05-12 00:30:47.676875,1
450,2026-05-11,2026-05-11 19:50:43.098876,2026-05-11 19:50:48.120288,4h 50m late,late,2026-05-11 19:50:43.103377,2026-05-11 19:50:48.121898,2
451,2026-05-11,2026-05-11 20:17:34.502849,2026-05-12 05:59:10.143488,21h 17m late,late,2026-05-11 20:17:34.509950,2026-05-12 05:59:10.147122,5
452,2026-05-11,2026-05-11 23:06:28.952465,2026-05-12 08:19:00.667205,6m late,late,2026-05-11 23:06:28.958871,2026-05-12 08:19:00.670458,16
453,2026-05-12,2026-05-12 00:24:13.537765,2026-05-12 00:24:45.892428,8h 24m late,late,2026-05-12 00:24:13.544839,2026-05-12 00:24:45.895666,9
454,2026-05-12,2026-05-12 00:32:51.610091,2026-05-12 00:32:54.116140,9h 32m late,late,2026-05-12 00:32:51.616984,2026-05-12 00:32:54.119176,1
455,2026-05-12,2026-05-12 03:27:50.760384,2026-05-12 09:17:21.002483,9h 27m late,late,2026-05-12 03:27:50.763725,2026-05-12 09:17:21.005659,15
456,2026-05-12,2026-05-12 08:07:12.355725,2026-05-12 16:11:02.387749,7h 7m late,late,2026-05-12 08:07:12.362458,2026-05-12 16:11:02.391015,11
457,2026-05-12,2026-05-12 08:21:19.000555,2026-05-12 18:20:54.326168,21m late,late,2026-05-12 08:21:19.007423,2026-05-12 18:20:54.330326,13
458,2026-05-12,2026-05-12 10:23:48.948535,2026-05-12 19:07:19.978900,you are late 143m,late,2026-05-12 10:23:48.958841,2026-05-12 19:07:19.982874,17
459,2026-05-12,2026-05-12 11:11:58.054128,2026-05-12 21:07:42.419456,1h 11m late,late,2026-05-12 11:11:58.061883,2026-05-12 21:07:42.420771,6
460,2026-05-12,2026-05-12 12:57:18.947795,2026-05-13 00:35:57.033978,21h 57m late,late,2026-05-12 12:57:18.956906,2026-05-13 00:35:57.037862,21
461,2026-05-12,2026-05-12 14:07:06.362873,2026-05-12 22:15:22.189415,7m late,late,2026-05-12 14:07:06.369493,2026-05-12 22:15:22.192554,14
462,2026-05-12,2026-05-12 14:37:55.373514,2026-05-12 23:44:43.856135,23h 37m late,late,2026-05-12 14:37:55.380533,2026-05-12 23:44:43.860733,23
463,2026-05-12,2026-05-12 14:38:15.451607,2026-05-12 23:06:46.111250,1h 38m late,late,2026-05-12 14:38:15.457811,2026-05-12 23:06:46.114534,22
464,2026-05-12,2026-05-12 15:06:52.491745,2026-05-12 23:08:08.244773,6m late,late,2026-05-12 15:06:52.499212,2026-05-12 23:08:08.246365,10
465,2026-05-12,2026-05-12 16:01:37.583452,2026-05-12 23:02:57.916539,1m late,late,2026-05-12 16:01:37.586477,2026-05-12 23:02:57.920167,4
466,2026-05-12,2026-05-12 16:03:53.648128,2026-05-13 00:04:05.610024,3m late,late,2026-05-12 16:03:53.655578,2026-05-13 00:04:05.613177,9
467,2026-05-12,2026-05-12 16:57:53.028027,2026-05-13 03:17:05.384119,1h 57m late,late,2026-05-12 16:57:53.030761,2026-05-13 03:17:05.385761,8
468,2026-05-12,2026-05-12 18:19:42.474902,2026-05-13 01:37:41.100162,19m late,late,2026-05-12 18:19:42.479247,2026-05-13 01:37:41.103279,20
469,2026-05-12,2026-05-12 20:36:05.784236,2026-05-13 06:01:54.664251,21h 36m late,late,2026-05-12 20:36:05.791996,2026-05-13 06:01:54.667358,5
470,2026-05-12,2026-05-12 21:53:52.406993,2026-05-13 10:07:14.787358,3h 53m late,late,2026-05-12 21:53:52.415600,2026-05-13 10:07:14.788211,15
471,2026-05-12,2026-05-12 23:05:38.531853,2026-05-13 08:08:43.034469,5m late,late,2026-05-12 23:05:38.534155,2026-05-13 08:08:43.037599,16
472,2026-05-13,2026-05-13 03:40:22.874501,2026-05-13 03:40:37.923270,12h 40m late,late,2026-05-13 03:40:22.881560,2026-05-13 03:40:37.926381,1
473,2026-05-13,2026-05-13 07:58:31.832735,2026-05-13 17:03:20.949818,,on_time,2026-05-13 07:58:31.839217,2026-05-13 17:03:20.953018,24
474,2026-05-13,2026-05-13 08:48:44.018537,,48m late,late,2026-05-13 08:48:44.020702,2026-05-13 08:48:44.020710,13
475,2026-05-13,2026-05-13 08:54:39.463541,2026-05-13 18:13:37.049094,On time,on_time,2026-05-13 08:54:39.469936,2026-05-13 18:13:37.052607,12
476,2026-05-13,2026-05-13 10:17:33.969450,2026-05-13 20:10:21.360439,17m late,late,2026-05-13 10:17:33.975804,2026-05-13 20:10:21.363811,7
477,2026-05-13,2026-05-13 10:23:56.956187,2026-05-13 20:14:02.263619,23m late,late,2026-05-13 10:23:56.962852,2026-05-13 20:14:02.267484,6
478,2026-05-13,2026-05-13 10:51:17.317237,2026-05-13 18:12:59.647757,2h 51m late,late,2026-05-13 10:51:17.321371,2026-05-13 18:12:59.651254,17
479,2026-05-13,2026-05-13 14:01:15.625000,2026-05-13 23:01:28.712191,13h 1m late,late,2026-05-13 14:01:15.631741,2026-05-13 23:01:28.715565,11
480,2026-05-13,2026-05-13 14:14:29.397418,2026-05-13 22:24:06.562559,14m late,late,2026-05-13 14:14:29.404943,2026-05-13 22:24:06.563960,14
481,2026-05-13,2026-05-13 14:44:50.591112,,23h 44m late,late,2026-05-13 14:44:50.593471,2026-05-13 14:44:50.593479,23
482,2026-05-13,2026-05-13 15:08:08.095548,2026-05-14 00:23:56.278072,8m late,late,2026-05-13 15:08:08.101954,2026-05-14 00:23:56.282169,21
483,2026-05-13,2026-05-13 15:14:52.385982,2026-05-13 23:12:01.925694,14m late,late,2026-05-13 15:14:52.393509,2026-05-13 23:12:01.926525,10
484,2026-05-13,2026-05-13 15:28:00.936832,2026-05-14 03:25:27.125964,28m late,late,2026-05-13 15:28:00.944308,2026-05-14 03:25:27.131090,8
485,2026-05-13,2026-05-13 15:41:46.300458,2026-05-14 00:02:19.140999,23h 41m late,late,2026-05-13 15:41:46.307725,2026-05-14 00:02:19.141836,9
486,2026-05-13,2026-05-13 16:22:46.567321,2026-05-13 23:07:53.810816,22m late,late,2026-05-13 16:22:46.575291,2026-05-13 23:07:53.814250,4
487,2026-05-13,2026-05-13 18:46:12.169627,2026-05-14 02:01:42.068871,46m late,late,2026-05-13 18:46:12.177082,2026-05-14 02:01:42.072199,20
488,2026-05-13,2026-05-13 20:11:11.439101,2026-05-14 06:44:16.061905,21h 11m late,late,2026-05-13 20:11:11.441212,2026-05-14 06:44:16.065240,5
489,2026-05-13,2026-05-13 23:09:37.900514,2026-05-14 08:26:29.302709,9m late,late,2026-05-13 23:09:37.907659,2026-05-14 08:26:29.304112,16
490,2026-05-13,2026-05-13 23:11:46.930959,,10h 11m late,late,2026-05-13 23:11:46.938138,2026-05-13 23:11:46.938168,22
491,2026-05-14,2026-05-14 06:42:04.703930,2026-05-14 16:44:06.967791,On time,on_time,2026-05-14 06:42:04.706165,2026-05-14 16:44:06.971920,6
492,2026-05-14,2026-05-14 08:16:36.968461,2026-05-14 17:03:08.284848,16m late,late,2026-05-14 08:16:36.970279,2026-05-14 17:03:08.288750,24
493,2026-05-14,2026-05-14 08:57:56.635150,2026-05-14 20:08:11.019849,On time,on_time,2026-05-14 08:57:56.640073,2026-05-14 20:08:11.020698,12
494,2026-05-14,2026-05-14 10:04:58.650686,2026-05-14 20:20:20.722294,4m late,late,2026-05-14 10:04:58.658074,2026-05-14 20:20:20.725950,7
495,2026-05-14,2026-05-14 10:48:39.628520,2026-05-14 20:08:16.106865,2h 48m late,late,2026-05-14 10:48:39.631172,2026-05-14 20:08:16.110478,17
496,2026-05-14,2026-05-14 13:09:44.068603,2026-05-14 21:09:08.545395,12h 9m late,late,2026-05-14 13:09:44.073135,2026-05-14 21:09:08.546213,11
497,2026-05-14,2026-05-14 13:18:40.408763,2026-05-14 23:18:33.043264,you are late 18m,late,2026-05-14 13:18:40.416166,2026-05-14 23:18:33.046269,22
498,2026-05-14,2026-05-14 14:27:53.218211,2026-05-14 22:05:58.843464,27m late,late,2026-05-14 14:27:53.225803,2026-05-14 22:05:58.846698,14
499,2026-05-14,2026-05-14 14:35:23.039896,2026-05-14 23:56:03.239250,you are late 1415m,late,2026-05-14 14:35:23.046565,2026-05-14 23:56:03.242584,23
500,2026-05-14,2026-05-14 15:03:24.782585,2026-05-15 00:24:43.489612,3m late,late,2026-05-14 15:03:24.790140,2026-05-15 00:24:43.493570,21
501,2026-05-14,2026-05-14 15:26:29.675918,2026-05-15 03:22:52.856617,26m late,late,2026-05-14 15:26:29.686676,2026-05-15 03:22:52.858017,8
502,2026-05-14,2026-05-14 15:27:17.472849,2026-05-14 23:17:13.244326,27m late,late,2026-05-14 15:27:17.477366,2026-05-14 23:17:13.245528,10
503,2026-05-14,2026-05-14 16:02:50.061341,2026-05-14 23:05:50.231088,2m late,late,2026-05-14 16:02:50.069163,2026-05-14 23:05:50.234372,4
504,2026-05-14,2026-05-14 16:05:58.294909,2026-05-15 00:11:04.348529,5m late,late,2026-05-14 16:05:58.301877,2026-05-15 00:11:04.351688,9
505,2026-05-14,2026-05-14 16:06:58.373634,2026-05-15 00:00:01.536310,6m late,late,2026-05-14 16:06:58.376193,2026-05-15 00:00:01.537353,18
506,2026-05-14,2026-05-14 16:07:08.363527,2026-05-15 00:01:02.045497,7m late,late,2026-05-14 16:07:08.366987,2026-05-15 00:01:02.050056,19
507,2026-05-14,2026-05-14 18:32:50.750003,2026-05-15 01:57:23.859700,32m late,late,2026-05-14 18:32:50.751878,2026-05-15 01:57:23.863010,20
508,2026-05-14,2026-05-14 19:52:02.672221,,1h 52m late,late,2026-05-14 19:52:02.674161,2026-05-14 19:52:02.674169,15
509,2026-05-14,2026-05-14 21:13:18.713650,2026-05-15 06:02:22.629958,22h 13m late,late,2026-05-14 21:13:18.721749,2026-05-15 06:02:22.633371,5
510,2026-05-14,2026-05-14 23:18:35.598795,,10h 18m late,late,2026-05-14 23:18:35.606332,2026-05-14 23:18:35.606369,22
511,2026-05-15,2026-05-15 00:03:36.500771,2026-05-15 12:10:39.081305,1h 3m late,late,2026-05-15 00:03:36.502881,2026-05-15 12:10:39.085487,16
512,2026-05-15,2026-05-15 07:53:56.504790,2026-05-15 18:59:41.982718,,on_time,2026-05-15 07:53:56.512258,2026-05-15 18:59:41.985949,13
513,2026-05-15,2026-05-15 08:10:09.195303,2026-05-15 16:11:02.677558,7h 10m late,late,2026-05-15 08:10:09.198060,2026-05-15 16:11:02.680801,11
514,2026-05-15,2026-05-15 09:01:49.391304,2026-05-15 17:48:54.847979,1m late,late,2026-05-15 09:01:49.393578,2026-05-15 17:48:54.849738,12
515,2026-05-15,2026-05-15 10:06:04.444074,2026-05-15 10:06:34.399763,you are late 966m,late,2026-05-15 10:06:04.452937,2026-05-15 10:06:34.403751,15
516,2026-05-15,2026-05-15 12:03:03.233740,2026-05-16 00:20:05.788572,4h 3m late,late,2026-05-15 12:03:03.240349,2026-05-16 00:20:05.791652,24
517,2026-05-15,2026-05-15 14:51:36.565199,2026-05-16 00:22:04.913458,23h 51m late,late,2026-05-15 14:51:36.573916,2026-05-16 00:22:04.917497,23
518,2026-05-15,2026-05-15 15:28:44.741198,2026-05-15 20:40:49.210844,1h 28m late,late,2026-05-15 15:28:44.751204,2026-05-15 20:40:49.214111,14
519,2026-05-15,2026-05-15 15:55:17.033850,2026-05-16 00:12:12.198318,23h 55m late,late,2026-05-15 15:55:17.041069,2026-05-16 00:12:12.202034,9
520,2026-05-15,2026-05-15 16:15:25.775457,2026-05-15 23:09:16.047643,15m late,late,2026-05-15 16:15:25.782564,2026-05-15 23:09:16.048785,4
521,2026-05-15,2026-05-15 16:20:43.568268,2026-05-16 00:10:12.554519,20m late,late,2026-05-15 16:20:43.575195,2026-05-16 00:10:12.558501,18
522,2026-05-15,2026-05-15 16:20:51.028227,2026-05-16 00:10:20.225640,20m late,late,2026-05-15 16:20:51.035896,2026-05-16 00:10:20.226843,19
523,2026-05-15,2026-05-15 18:38:31.389986,2026-05-16 01:58:57.625564,38m late,late,2026-05-15 18:38:31.397738,2026-05-16 01:58:57.628736,20
524,2026-05-15,2026-05-15 19:39:04.239968,2026-05-15 19:39:11.984083,4h 39m late,late,2026-05-15 19:39:04.247821,2026-05-15 19:39:11.985647,8
525,2026-05-15,2026-05-15 19:41:44.013479,2026-05-16 06:01:01.487428,1h 41m late,late,2026-05-15 19:41:44.020800,2026-05-16 06:01:01.488301,15
526,2026-05-15,2026-05-15 20:03:47.558785,2026-05-16 06:27:48.295755,5h 3m late,late,2026-05-15 20:03:47.566193,2026-05-16 06:27:48.299597,10
527,2026-05-15,2026-05-15 23:55:35.631379,2026-05-16 12:04:47.119596,55m late,late,2026-05-15 23:55:35.638904,2026-05-16 12:04:47.122645,16
528,2026-05-16,2026-05-16 06:06:27.117014,2026-05-16 15:56:37.725918,On time,on_time,2026-05-16 06:06:27.123522,2026-05-16 15:56:37.729097,13
529,2026-05-16,2026-05-16 06:30:07.681971,2026-05-16 06:30:32.775223,15h 30m late,late,2026-05-16 06:30:07.684237,2026-05-16 06:30:32.778935,8
530,2026-05-16,2026-05-16 08:50:51.035807,2026-05-16 18:42:01.015579,On time,on_time,2026-05-16 08:50:51.040463,2026-05-16 18:42:01.018743,12
531,2026-05-16,2026-05-16 09:27:12.036588,2026-05-16 18:42:06.011774,1h 27m late,late,2026-05-16 09:27:12.047139,2026-05-16 18:42:06.013140,17
532,2026-05-16,2026-05-16 10:05:24.642645,2026-05-16 20:16:25.109871,5m late,late,2026-05-16 10:05:24.650435,2026-05-16 20:16:25.113018,6
533,2026-05-16,2026-05-16 12:17:01.917825,,4h 17m late,late,2026-05-16 12:17:01.924117,2026-05-16 12:17:01.924146,24
534,2026-05-16,2026-05-16 12:55:53.170217,2026-05-16 22:58:59.424921,,on_time,2026-05-16 12:55:53.177419,2026-05-16 22:58:59.428355,22
535,2026-05-16,2026-05-16 14:26:14.820702,2026-05-16 23:54:08.769130,23h 26m late,late,2026-05-16 14:26:14.828348,2026-05-16 23:54:08.769949,23
536,2026-05-16,2026-05-16 15:39:08.244451,2026-05-17 03:05:15.704250,39m late,late,2026-05-16 15:39:08.252305,2026-05-17 03:05:15.705313,8
537,2026-05-16,2026-05-16 16:01:11.357469,2026-05-16 22:58:09.112442,1m late,late,2026-05-16 16:01:11.364864,2026-05-16 22:58:09.113991,4
538,2026-05-16,2026-05-16 16:30:44.688351,2026-05-16 23:18:26.348092,1h 30m late,late,2026-05-16 16:30:44.695934,2026-05-16 23:18:26.352254,10
539,2026-05-16,2026-05-16 16:52:54.157299,2026-05-17 00:12:34.430112,52m late,late,2026-05-16 16:52:54.159606,2026-05-17 00:12:34.433435,18
540,2026-05-16,2026-05-16 16:53:14.459265,2026-05-17 00:12:49.442292,53m late,late,2026-05-16 16:53:14.466894,2026-05-17 00:12:49.443633,19
541,2026-05-16,2026-05-16 18:13:09.756420,2026-05-17 01:56:24.844399,13m late,late,2026-05-16 18:13:09.762914,2026-05-17 01:56:24.845582,20
542,2026-05-16,2026-05-16 21:22:58.122296,2026-05-17 07:01:26.094512,22h 22m late,late,2026-05-16 21:22:58.128933,2026-05-17 07:01:26.097823,5
543,2026-05-17,2026-05-17 00:06:21.391203,2026-05-17 12:08:01.759559,1h 6m late,late,2026-05-17 00:06:21.397856,2026-05-17 12:08:01.763963,16
544,2026-05-17,2026-05-17 06:42:16.829225,2026-05-17 17:06:26.779267,On time,on_time,2026-05-17 06:42:16.836617,2026-05-17 17:06:26.783272,13
545,2026-05-17,2026-05-17 08:55:35.110986,2026-05-17 18:00:09.978641,On time,on_time,2026-05-17 08:55:35.113583,2026-05-17 18:00:09.981867,12
546,2026-05-17,2026-05-17 08:55:47.776786,2026-05-17 18:00:17.495271,55m late,late,2026-05-17 08:55:47.784186,2026-05-17 18:00:17.498375,17
547,2026-05-17,2026-05-17 10:19:26.038550,2026-05-17 20:02:54.961791,19m late,late,2026-05-17 10:19:26.045769,2026-05-17 20:02:54.965897,6
548,2026-05-17,2026-05-17 12:03:04.621308,2026-05-18 00:00:03.986271,you are late 243m,late,2026-05-17 12:03:04.628268,2026-05-18 00:00:03.987566,24
549,2026-05-17,2026-05-17 13:15:03.234487,2026-05-17 23:23:43.013100,15m late,late,2026-05-17 13:15:03.241991,2026-05-17 23:23:43.017186,22
550,2026-05-17,2026-05-17 15:29:30.464788,2026-05-17 23:13:18.760436,29m late,late,2026-05-17 15:29:30.468727,2026-05-17 23:13:18.761375,10
551,2026-05-17,2026-05-17 16:14:43.203935,2026-05-18 00:05:18.105581,14m late,late,2026-05-17 16:14:43.211329,2026-05-18 00:05:18.108902,9
552,2026-05-17,2026-05-17 16:21:49.038781,2026-05-17 23:02:24.807582,21m late,late,2026-05-17 16:21:49.040662,2026-05-17 23:02:24.808860,4
553,2026-05-17,2026-05-17 20:49:43.359999,2026-05-18 05:47:13.268505,2h 49m late,late,2026-05-17 20:49:43.367751,2026-05-18 05:47:13.269662,15
554,2026-05-17,2026-05-17 21:10:25.649531,2026-05-18 07:15:20.141463,22h 10m late,late,2026-05-17 21:10:25.657213,2026-05-18 07:15:20.144584,5
555,2026-05-17,2026-05-17 23:47:05.656219,2026-05-18 08:18:53.896510,47m late,late,2026-05-17 23:47:05.662927,2026-05-18 08:18:53.897404,16
556,2026-05-18,2026-05-18 07:13:40.062185,2026-05-18 17:00:55.940685,On time,on_time,2026-05-18 07:13:40.069925,2026-05-18 17:00:55.944122,13
557,2026-05-18,2026-05-18 08:11:00.579578,2026-05-18 17:32:34.875547,11m late,late,2026-05-18 08:11:00.582248,2026-05-18 17:32:34.876657,24
558,2026-05-18,2026-05-18 08:48:34.143567,2026-05-18 18:21:22.934466,On time,on_time,2026-05-18 08:48:34.150867,2026-05-18 18:21:22.937728,12
559,2026-05-18,2026-05-18 08:58:30.271499,2026-05-18 18:21:12.760408,58m late,late,2026-05-18 08:58:30.277885,2026-05-18 18:21:12.764316,17
560,2026-05-18,2026-05-18 10:16:17.656247,2026-05-18 20:18:23.407867,16m late,late,2026-05-18 10:16:17.658988,2026-05-18 20:18:23.411072,7
561,2026-05-18,2026-05-18 10:22:36.692927,2026-05-18 20:52:47.505380,22m late,late,2026-05-18 10:22:36.700981,2026-05-18 20:52:47.508312,6
562,2026-05-18,2026-05-18 13:28:33.943098,2026-05-18 23:02:17.899169,28m late,late,2026-05-18 13:28:33.950539,2026-05-18 23:02:17.902143,22
563,2026-05-18,2026-05-18 13:45:56.193945,2026-05-18 23:20:57.026961,22h 45m late,late,2026-05-18 13:45:56.200276,2026-05-18 23:20:57.027765,23
564,2026-05-18,2026-05-18 15:21:19.268081,2026-05-18 23:35:00.959288,21m late,late,2026-05-18 15:21:19.270904,2026-05-18 23:35:00.963351,10
565,2026-05-18,2026-05-18 15:26:15.722522,2026-05-19 00:29:52.249949,26m late,late,2026-05-18 15:26:15.729695,2026-05-19 00:29:52.252157,21
566,2026-05-18,2026-05-18 15:33:12.369937,2026-05-19 03:22:17.900582,33m late,late,2026-05-18 15:33:12.376568,2026-05-19 03:22:17.901715,8
567,2026-05-18,2026-05-18 15:33:17.412211,2026-05-18 22:13:06.647911,1h 33m late,late,2026-05-18 15:33:17.419781,2026-05-18 22:13:06.648824,14
568,2026-05-18,2026-05-18 16:04:10.275778,2026-05-19 00:13:57.455689,4m late,late,2026-05-18 16:04:10.283295,2026-05-19 00:13:57.457331,9
569,2026-05-18,2026-05-18 19:54:40.157092,2026-05-19 05:49:06.948152,1h 54m late,late,2026-05-18 19:54:40.164810,2026-05-19 05:49:06.951303,15
570,2026-05-18,2026-05-18 21:13:20.196102,2026-05-19 07:17:00.271887,22h 13m late,late,2026-05-18 21:13:20.202727,2026-05-19 07:17:00.273132,5
571,2026-05-19,2026-05-19 00:03:05.137590,2026-05-19 08:28:27.104334,1h 3m late,late,2026-05-19 00:03:05.144880,2026-05-19 08:28:27.108222,16
572,2026-05-19,2026-05-19 07:15:10.605150,,On time,on_time,2026-05-19 07:15:10.612059,2026-05-19 07:15:10.612088,13
573,2026-05-19,2026-05-19 09:07:07.593617,2026-05-19 17:02:00.092151,1h 7m late,late,2026-05-19 09:07:07.595714,2026-05-19 17:02:00.095449,24
574,2026-05-19,2026-05-19 09:13:32.431540,2026-05-19 19:33:00.144304,13m late,late,2026-05-19 09:13:32.439106,2026-05-19 19:33:00.145493,12
575,2026-05-19,2026-05-19 09:17:50.089522,2026-05-19 16:31:23.526150,1h 17m late,late,2026-05-19 09:17:50.096018,2026-05-19 16:31:23.530214,17
576,2026-05-19,2026-05-19 10:15:37.616252,2026-05-19 20:03:59.725416,15m late,late,2026-05-19 10:15:37.622824,2026-05-19 20:03:59.728632,7
577,2026-05-19,2026-05-19 11:10:42.480334,2026-05-19 20:57:53.114612,1h 10m late,late,2026-05-19 11:10:42.482542,2026-05-19 20:57:53.118014,6
578,2026-05-19,2026-05-19 13:38:01.427924,2026-05-19 23:15:50.143767,38m late,late,2026-05-19 13:38:01.434227,2026-05-19 23:15:50.146729,22
579,2026-05-19,2026-05-19 14:27:04.275294,2026-05-19 22:03:55.848202,27m late,late,2026-05-19 14:27:04.282183,2026-05-19 22:03:55.849133,14
580,2026-05-19,2026-05-19 14:53:52.955507,2026-05-20 00:28:16.667634,23h 53m late,late,2026-05-19 14:53:52.963848,2026-05-20 00:28:16.671143,21
581,2026-05-19,2026-05-19 14:59:00.326457,2026-05-19 23:46:28.868459,23h 59m late,late,2026-05-19 14:59:00.333760,2026-05-19 23:46:28.871986,23
582,2026-05-19,2026-05-19 15:12:47.634376,2026-05-19 23:35:48.460452,12m late,late,2026-05-19 15:12:47.642697,2026-05-19 23:35:48.464041,10
583,2026-05-19,2026-05-19 15:53:10.736040,2026-05-20 00:03:44.336624,23h 53m late,late,2026-05-19 15:53:10.738475,2026-05-20 00:03:44.339786,9
584,2026-05-19,2026-05-19 16:02:48.171826,2026-05-19 23:14:17.380089,2m late,late,2026-05-19 16:02:48.178556,2026-05-19 23:14:17.381356,4
585,2026-05-19,2026-05-19 18:38:33.822832,2026-05-19 18:38:36.374312,38m late,late,2026-05-19 18:38:33.830408,2026-05-19 18:38:36.378193,20
586,2026-05-19,2026-05-19 20:46:38.391035,2026-05-20 09:36:06.844125,2h 46m late,late,2026-05-19 20:46:38.392952,2026-05-20 09:36:06.847316,15
587,2026-05-19,2026-05-19 21:13:55.063827,2026-05-20 07:00:12.610487,22h 13m late,late,2026-05-19 21:13:55.071738,2026-05-20 07:00:12.614162,5
588,2026-05-19,2026-05-19 22:49:59.535587,2026-05-19 22:50:07.173319,7h 49m late,late,2026-05-19 22:49:59.541677,2026-05-19 22:50:07.176160,25
589,2026-05-19,2026-05-19 22:55:49.715952,2026-05-20 08:20:47.438641,23h 55m late,late,2026-05-19 22:55:49.723169,2026-05-20 08:20:47.442525,16
590,2026-05-20,2026-05-20 08:00:59.681871,,you are late 0m,late,2026-05-20 08:00:59.689066,2026-05-20 08:00:59.689093,13
591,2026-05-20,2026-05-20 08:15:52.266620,2026-05-20 17:08:15.388802,15m late,late,2026-05-20 08:15:52.274288,2026-05-20 17:08:15.392016,24
592,2026-05-20,2026-05-20 09:03:38.943884,2026-05-20 17:51:16.503979,3m late,late,2026-05-20 09:03:38.950947,2026-05-20 17:51:16.508336,12
593,2026-05-20,2026-05-20 10:25:35.694773,2026-05-20 20:29:26.639563,25m late,late,2026-05-20 10:25:35.701942,2026-05-20 20:29:26.640807,7
594,2026-05-20,2026-05-20 11:14:00.221765,2026-05-20 21:04:30.941951,1h 14m late,late,2026-05-20 11:14:00.228208,2026-05-20 21:04:30.946290,6
595,2026-05-20,2026-05-20 12:00:35.944439,2026-05-20 20:53:17.865361,11h late,late,2026-05-20 12:00:35.946817,2026-05-20 20:53:17.866299,11
596,2026-05-20,2026-05-20 13:13:50.233283,2026-05-20 23:12:14.846533,13m late,late,2026-05-20 13:13:50.239581,2026-05-20 23:12:14.849579,22
597,2026-05-20,2026-05-20 14:30:40.828888,2026-05-20 23:33:42.988064,23h 30m late,late,2026-05-20 14:30:40.833185,2026-05-20 23:33:42.991248,23
598,2026-05-20,2026-05-20 15:13:09.538912,2026-05-21 03:14:44.743552,13m late,late,2026-05-20 15:13:09.545853,2026-05-21 03:14:44.746756,8
599,2026-05-20,2026-05-20 15:24:32.343509,,24m late,late,2026-05-20 15:24:32.350428,2026-05-20 15:24:32.350459,10
600,2026-05-20,2026-05-20 15:25:00.037057,2026-05-21 01:47:27.181408,25m late,late,2026-05-20 15:25:00.042434,2026-05-21 01:47:27.184650,21
601,2026-05-20,2026-05-20 15:44:39.006540,2026-05-20 15:44:39.072235,23h 44m late,late,2026-05-20 15:44:39.014005,2026-05-20 15:44:39.073886,9
602,2026-05-20,2026-05-20 15:45:59.502144,2026-05-21 00:06:36.342721,23h 45m late,late,2026-05-20 15:45:59.509758,2026-05-21 00:06:36.346132,9
603,2026-05-20,2026-05-20 16:03:03.996317,2026-05-20 23:03:08.281237,3m late,late,2026-05-20 16:03:04.003373,2026-05-20 23:03:08.282529,4
604,2026-05-20,2026-05-20 18:06:03.501250,,3h 6m late,late,2026-05-20 18:06:03.503259,2026-05-20 18:06:03.503271,25
605,2026-05-20,2026-05-20 18:10:46.202724,2026-05-20 22:31:14.337440,4h 10m late,late,2026-05-20 18:10:46.204717,2026-05-20 22:31:14.338578,14
606,2026-05-20,2026-05-20 19:49:27.768907,,1h 49m late,late,2026-05-20 19:49:27.775435,2026-05-20 19:49:27.775465,15
607,2026-05-20,2026-05-20 21:37:55.765325,2026-05-21 07:01:42.981165,22h 37m late,late,2026-05-20 21:37:55.767230,2026-05-21 07:01:42.984635,5
608,2026-05-20,2026-05-20 22:57:22.762688,2026-05-21 08:19:25.840902,23h 57m late,late,2026-05-20 22:57:22.769932,2026-05-21 08:19:25.842378,16
609,2026-05-21,2026-05-21 08:13:02.367511,,13m late,late,2026-05-21 08:13:02.369650,2026-05-21 08:13:02.369657,24
610,2026-05-21,2026-05-21 08:55:44.054504,2026-05-21 19:02:07.805595,On time,on_time,2026-05-21 08:55:44.057039,2026-05-21 19:02:07.806735,12
611,2026-05-21,2026-05-21 10:08:48.002633,2026-05-21 20:13:52.092663,8m late,late,2026-05-21 10:08:48.009334,2026-05-21 20:13:52.093701,7
612,2026-05-21,2026-05-21 10:19:26.512764,2026-05-21 10:19:36.735551,you are late 979m,late,2026-05-21 10:19:26.519480,2026-05-21 10:19:36.737178,15
613,2026-05-21,2026-05-21 11:10:01.710143,2026-05-21 21:04:44.466983,1h 10m late,late,2026-05-21 11:10:01.719034,2026-05-21 21:04:44.468095,6
614,2026-05-21,2026-05-21 13:29:39.972680,2026-05-21 21:13:46.420449,12h 29m late,late,2026-05-21 13:29:39.974902,2026-05-21 21:13:46.423681,11
615,2026-05-21,2026-05-21 13:34:48.022017,2026-05-21 23:09:29.027240,34m late,late,2026-05-21 13:34:48.028726,2026-05-21 23:09:29.030971,22
616,2026-05-21,2026-05-21 13:52:59.609615,2026-05-21 22:23:22.912898,On time,on_time,2026-05-21 13:52:59.617369,2026-05-21 22:23:22.916591,14
617,2026-05-21,2026-05-21 15:07:01.257125,2026-05-21 15:07:01.303804,7m late,late,2026-05-21 15:07:01.260467,2026-05-21 15:07:01.307813,21
618,2026-05-21,2026-05-21 15:07:21.792215,2026-05-22 00:56:55.813235,7m late,late,2026-05-21 15:07:21.798713,2026-05-22 00:56:55.817208,21
619,2026-05-21,2026-05-21 15:21:17.805812,2026-05-21 23:12:52.196800,you are late 21m,late,2026-05-21 15:21:17.807456,2026-05-21 23:12:52.200018,10
620,2026-05-21,2026-05-21 15:35:46.645403,2026-05-21 15:35:49.211995,35m late,late,2026-05-21 15:35:46.653554,2026-05-21 15:35:49.213366,23
621,2026-05-21,2026-05-21 15:56:33.884102,2026-05-22 00:05:16.410378,23h 56m late,late,2026-05-21 15:56:33.891750,2026-05-22 00:05:16.414465,9
622,2026-05-21,2026-05-21 16:03:14.759591,2026-05-21 23:05:13.151335,3m late,late,2026-05-21 16:03:14.766035,2026-05-21 23:05:13.154602,4
623,2026-05-21,2026-05-21 17:47:44.870131,2026-05-22 03:14:20.066893,2h 47m late,late,2026-05-21 17:47:44.873214,2026-05-22 03:14:20.071137,8
624,2026-05-21,2026-05-21 18:01:34.297945,2026-05-21 23:02:55.009480,you are late 181m,late,2026-05-21 18:01:34.300106,2026-05-21 23:02:55.012678,25
625,2026-05-21,2026-05-21 19:59:02.470651,2026-05-22 08:57:55.555609,1h 59m late,late,2026-05-21 19:59:02.477683,2026-05-22 08:57:55.557229,15
626,2026-05-21,2026-05-21 21:09:45.380551,2026-05-22 07:03:19.794680,22h 9m late,late,2026-05-21 21:09:45.387146,2026-05-22 07:03:19.798130,5
627,2026-05-22,2026-05-22 00:03:40.795710,2026-05-22 12:02:07.967234,1h 3m late,late,2026-05-22 00:03:40.802506,2026-05-22 12:02:07.970886,16
628,2026-05-22,2026-05-22 00:17:21.919153,2026-05-22 00:17:29.460609,9h 17m late,late,2026-05-22 00:17:21.926521,2026-05-22 00:17:29.463765,23
629,2026-05-22,2026-05-22 07:28:43.148164,2026-05-22 15:30:42.178509,6h 28m late,late,2026-05-22 07:28:43.155320,2026-05-22 15:30:42.182429,11
630,2026-05-22,2026-05-22 08:04:30.850834,2026-05-22 17:01:34.202686,you are late 4m,late,2026-05-22 08:04:30.852948,2026-05-22 17:01:34.206819,13
631,2026-05-22,2026-05-22 09:02:08.878318,2026-05-22 17:16:42.519238,2m late,late,2026-05-22 09:02:08.881412,2026-05-22 17:16:42.522486,12
632,2026-05-22,2026-05-22 10:14:05.147270,2026-05-22 20:05:55.768742,14m late,late,2026-05-22 10:14:05.154423,2026-05-22 20:05:55.771861,7
633,2026-05-22,2026-05-22 11:57:56.534265,2026-05-22 11:57:56.571940,20h 57m late,late,2026-05-22 11:57:56.541041,2026-05-22 11:57:56.573855,21
634,2026-05-22,2026-05-22 11:58:01.709774,2026-05-23 01:36:43.520870,20h 58m late,late,2026-05-22 11:58:01.717576,2026-05-23 01:36:43.524176,21
635,2026-05-22,2026-05-22 13:50:29.336381,2026-05-22 22:27:16.223764,On time,on_time,2026-05-22 13:50:29.343147,2026-05-22 22:27:16.224970,14
636,2026-05-22,2026-05-22 14:11:51.523071,2026-05-23 00:16:05.451651,23h 11m late,late,2026-05-22 14:11:51.531650,2026-05-23 00:16:05.455056,23
637,2026-05-22,2026-05-22 15:31:57.750847,2026-05-23 03:24:34.872576,31m late,late,2026-05-22 15:31:57.757896,2026-05-23 03:24:34.875784,8
638,2026-05-22,2026-05-22 15:41:25.124872,2026-05-22 23:49:50.668335,23h 41m late,late,2026-05-22 15:41:25.132512,2026-05-22 23:49:50.672513,9
639,2026-05-22,2026-05-22 16:00:13.450958,2026-05-23 00:05:09.123753,0m late,late,2026-05-22 16:00:13.458209,2026-05-23 00:05:09.124727,18
640,2026-05-22,2026-05-22 16:00:18.821438,2026-05-22 23:04:33.312681,0m late,late,2026-05-22 16:00:18.829767,2026-05-22 23:04:33.315656,4
641,2026-05-22,2026-05-22 16:00:24.034748,2026-05-23 00:07:45.751124,0m late,late,2026-05-22 16:00:24.041649,2026-05-23 00:07:45.755247,19
642,2026-05-22,2026-05-22 18:03:33.274243,2026-05-22 23:10:09.928495,3h 3m late,late,2026-05-22 18:03:33.282135,2026-05-22 23:10:09.931752,25
643,2026-05-22,2026-05-22 19:45:36.804509,2026-05-23 09:37:02.883624,1h 45m late,late,2026-05-22 19:45:36.806599,2026-05-23 09:37:02.885592,15
644,2026-05-22,2026-05-22 20:34:21.395832,2026-05-23 05:53:41.233677,5h 34m late,late,2026-05-22 20:34:21.397682,2026-05-23 05:53:41.234734,10
645,2026-05-23,2026-05-23 00:04:28.912463,2026-05-23 12:09:38.673415,1h 4m late,late,2026-05-23 00:04:28.920178,2026-05-23 12:09:38.674446,16
646,2026-05-23,2026-05-23 03:03:36.020726,2026-05-23 03:03:59.765879,12h 3m late,late,2026-05-23 03:03:36.027344,2026-05-23 03:03:59.769181,1
647,2026-05-23,2026-05-23 03:03:51.697818,2026-05-23 03:03:57.100935,12h 3m late,late,2026-05-23 03:03:51.700633,2026-05-23 03:03:57.104086,2
648,2026-05-23,2026-05-23 08:17:17.618972,2026-05-23 18:00:24.023875,17m late,late,2026-05-23 08:17:17.626783,2026-05-23 18:00:24.028231,13
649,2026-05-23,2026-05-23 09:05:01.727324,2026-05-23 19:31:44.549745,5m late,late,2026-05-23 09:05:01.735295,2026-05-23 19:31:44.551302,12
650,2026-05-23,2026-05-23 10:15:00.253660,,On time,on_time,2026-05-23 10:15:00.261574,2026-05-23 10:15:00.261636,22
651,2026-05-23,2026-05-23 10:15:30.345847,2026-05-23 20:02:43.734646,15m late,late,2026-05-23 10:15:30.349640,2026-05-23 20:02:43.736218,7
652,2026-05-23,2026-05-23 11:08:14.619270,2026-05-23 21:00:45.018899,12h 8m late,late,2026-05-23 11:08:14.627183,2026-05-23 21:00:45.020109,5
653,2026-05-23,2026-05-23 12:07:42.979584,2026-05-23 20:09:41.891440,11h 7m late,late,2026-05-23 12:07:42.987608,2026-05-23 20:09:41.892510,11
654,2026-05-23,2026-05-23 12:11:51.901775,2026-05-23 23:02:46.102712,On time,on_time,2026-05-23 12:11:51.911190,2026-05-23 23:02:46.105900,14
655,2026-05-23,2026-05-23 12:12:57.889321,2026-05-24 00:42:20.003835,you are late 252m,late,2026-05-23 12:12:57.893040,2026-05-24 00:42:20.007195,24
656,2026-05-23,2026-05-23 14:51:51.824255,2026-05-24 00:51:50.239499,23h 51m late,late,2026-05-23 14:51:51.827409,2026-05-24 00:51:50.242748,23
657,2026-05-23,2026-05-23 15:23:35.276193,2026-05-24 03:30:35.305327,23m late,late,2026-05-23 15:23:35.278730,2026-05-24 03:30:35.309516,8
658,2026-05-23,2026-05-23 16:06:08.000359,2026-05-23 23:02:25.533062,6m late,late,2026-05-23 16:06:08.006964,2026-05-23 23:02:25.536300,4
659,2026-05-23,2026-05-23 16:09:36.635757,2026-05-24 00:01:08.800696,9m late,late,2026-05-23 16:09:36.643803,2026-05-24 00:01:08.804034,18
660,2026-05-23,2026-05-23 16:09:42.136556,2026-05-24 00:01:16.617665,9m late,late,2026-05-23 16:09:42.144801,2026-05-24 00:01:16.620361,19
661,2026-05-23,2026-05-23 16:17:06.606608,2026-05-23 23:02:38.310743,1h 17m late,late,2026-05-23 16:17:06.613488,2026-05-23 23:02:38.315028,10
662,2026-05-23,2026-05-23 18:12:24.596339,2026-05-23 23:01:57.675929,3h 12m late,late,2026-05-23 18:12:24.598315,2026-05-23 23:01:57.679305,25
663,2026-05-23,2026-05-23 19:00:54.585563,,1h late,late,2026-05-23 19:00:54.592261,2026-05-23 19:00:54.592308,15
664,2026-05-23,2026-05-23 22:01:10.032011,2026-05-24 08:01:19.519445,12h 1m late,late,2026-05-23 22:01:10.039593,2026-05-24 08:01:19.522709,6
665,2026-05-23,2026-05-23 23:50:56.107286,2026-05-24 12:12:37.211495,8h 50m late,late,2026-05-23 23:50:56.114595,2026-05-24 12:12:37.213045,21
666,2026-05-24,2026-05-24 07:08:33.772246,2026-05-24 17:02:31.843648,On time,on_time,2026-05-24 07:08:33.780007,2026-05-24 17:02:31.845481,13
667,2026-05-24,2026-05-24 08:58:43.947413,2026-05-24 17:52:38.755010,On time,on_time,2026-05-24 08:58:43.949404,2026-05-24 17:52:38.759413,12
668,2026-05-24,2026-05-24 09:21:40.982156,2026-05-24 18:57:14.384312,you are late 921m,late,2026-05-24 09:21:40.989217,2026-05-24 18:57:14.387613,15
669,2026-05-24,2026-05-24 10:44:27.475574,2026-05-24 20:24:59.044071,,on_time,2026-05-24 10:44:27.477877,2026-05-24 20:24:59.045039,22
670,2026-05-24,2026-05-24 11:06:27.138689,2026-05-24 21:00:39.251479,12h 6m late,late,2026-05-24 11:06:27.140356,2026-05-24 21:00:39.255238,5
671,2026-05-24,2026-05-24 11:59:41.112657,2026-05-24 20:01:22.588441,10h 59m late,late,2026-05-24 11:59:41.121486,2026-05-24 20:01:22.589753,11
672,2026-05-24,2026-05-24 12:15:51.395040,2026-05-24 23:58:29.458715,4h 15m late,late,2026-05-24 12:15:51.402179,2026-05-24 23:58:29.462257,24
673,2026-05-24,2026-05-24 13:05:08.665833,2026-05-24 22:16:07.873623,On time,on_time,2026-05-24 13:05:08.668195,2026-05-24 22:16:07.876826,14
674,2026-05-24,2026-05-24 15:51:26.069513,2026-05-25 00:05:07.570307,23h 51m late,late,2026-05-24 15:51:26.077751,2026-05-25 00:05:07.574331,9
675,2026-05-24,2026-05-24 16:03:32.983076,2026-05-24 22:59:23.179910,3m late,late,2026-05-24 16:03:32.986174,2026-05-24 22:59:23.183118,4
676,2026-05-24,2026-05-24 16:19:28.736009,2026-05-25 00:04:06.692765,19m late,late,2026-05-24 16:19:28.744336,2026-05-25 00:04:06.696658,19
677,2026-05-24,2026-05-24 18:06:52.373936,2026-05-25 00:03:45.985247,2h 6m late,late,2026-05-24 18:06:52.381229,2026-05-25 00:03:45.988907,18
678,2026-05-24,2026-05-24 18:57:27.269246,,57m late,late,2026-05-24 18:57:27.276023,2026-05-24 18:57:27.276050,15
679,2026-05-24,2026-05-24 22:09:45.173177,2026-05-25 07:58:09.735079,12h 9m late,late,2026-05-24 22:09:45.178455,2026-05-25 07:58:09.738878,6
680,2026-05-24,2026-05-24 23:55:18.640045,2026-05-25 08:42:10.500245,55m late,late,2026-05-24 23:55:18.643555,2026-05-25 08:42:10.501205,16
681,2026-05-25,2026-05-25 07:21:08.666337,2026-05-25 17:31:34.588092,On time,on_time,2026-05-25 07:21:08.670202,2026-05-25 17:31:34.589885,13
682,2026-05-25,2026-05-25 08:39:26.551774,2026-05-25 16:59:07.934070,39m late,late,2026-05-25 08:39:26.559506,2026-05-25 16:59:07.937290,24
683,2026-05-25,2026-05-25 08:53:34.236985,2026-05-25 17:53:04.136946,On time,on_time,2026-05-25 08:53:34.238917,2026-05-25 17:53:04.141145,12
684,2026-05-25,2026-05-25 09:30:29.343355,2026-05-25 09:31:10.043415,you are late 930m,late,2026-05-25 09:30:29.350424,2026-05-25 09:31:10.046823,15
685,2026-05-25,2026-05-25 10:21:41.371227,2026-05-25 20:10:31.344306,21m late,late,2026-05-25 10:21:41.375647,2026-05-25 20:10:31.347736,7
686,2026-05-25,2026-05-25 10:24:47.804843,2026-05-25 20:22:36.190861,On time,on_time,2026-05-25 10:24:47.807597,2026-05-25 20:22:36.194842,22
687,2026-05-25,2026-05-25 11:59:14.807365,2026-05-25 15:55:02.227164,1h 59m late,late,2026-05-25 11:59:14.814549,2026-05-25 15:55:02.228720,26
688,2026-05-25,2026-05-25 12:01:29.811151,2026-05-25 18:59:55.475529,1h 1m late,late,2026-05-25 12:01:29.818906,2026-05-25 18:59:55.478446,29
689,2026-05-25,2026-05-25 12:02:48.464787,2026-05-25 20:12:20.065745,11h 2m late,late,2026-05-25 12:02:48.467079,2026-05-25 20:12:20.069275,11
690,2026-05-25,2026-05-25 12:09:18.421837,2026-05-25 22:05:51.618710,On time,on_time,2026-05-25 12:09:18.429335,2026-05-25 22:05:51.622968,14
691,2026-05-25,2026-05-25 14:43:35.421600,2026-05-26 01:15:53.180507,23h 43m late,late,2026-05-25 14:43:35.423233,2026-05-26 01:15:53.183964,23
692,2026-05-25,2026-05-25 15:16:03.536050,2026-05-26 01:04:05.980020,16m late,late,2026-05-25 15:16:03.543663,2026-05-26 01:04:05.981304,21
693,2026-05-25,2026-05-25 15:18:31.082644,2026-05-26 03:21:54.160492,18m late,late,2026-05-25 15:18:31.085692,2026-05-26 03:21:54.164678,8
694,2026-05-25,2026-05-25 15:32:42.224754,2026-05-25 23:24:33.199300,32m late,late,2026-05-25 15:32:42.228924,2026-05-25 23:24:33.202558,10
695,2026-05-25,2026-05-25 15:55:04.822018,2026-05-25 15:55:12.693007,5h 55m late,late,2026-05-25 15:55:04.828727,2026-05-25 15:55:12.696174,26
696,2026-05-25,2026-05-25 16:04:58.313559,2026-05-25 23:03:30.186959,4m late,late,2026-05-25 16:04:58.317007,2026-05-25 23:03:30.191252,4
697,2026-05-25,2026-05-25 16:14:58.863239,2026-05-26 00:18:22.371005,14m late,late,2026-05-25 16:14:58.870274,2026-05-26 00:18:22.375072,9
698,2026-05-25,2026-05-25 16:22:24.691377,2026-05-26 00:01:05.081784,22m late,late,2026-05-25 16:22:24.698987,2026-05-26 00:01:05.083330,18
699,2026-05-25,2026-05-25 16:22:29.869548,2026-05-26 00:01:15.385563,22m late,late,2026-05-25 16:22:29.872263,2026-05-26 00:01:15.389836,19
700,2026-05-25,2026-05-25 18:07:27.335865,2026-05-25 23:02:14.185651,3h 7m late,late,2026-05-25 18:07:27.338015,2026-05-25 23:02:14.189618,25
701,2026-05-25,2026-05-25 18:59:34.977240,,59m late,late,2026-05-25 18:59:34.984480,2026-05-25 18:59:34.984510,15
702,2026-05-25,2026-05-25 19:00:09.034472,2026-05-25 19:00:14.318609,8h late,late,2026-05-25 19:00:09.041739,2026-05-25 19:00:14.321987,29
703,2026-05-25,2026-05-25 22:42:51.465702,2026-05-26 08:01:12.837287,12h 42m late,late,2026-05-25 22:42:51.468900,2026-05-26 08:01:12.838374,6
704,2026-05-25,2026-05-25 22:57:12.085226,2026-05-26 08:33:00.905218,23h 57m late,late,2026-05-25 22:57:12.087594,2026-05-26 08:33:00.908962,16
705,2026-05-26,2026-05-26 07:15:41.477901,2026-05-26 17:25:32.537785,On time,on_time,2026-05-26 07:15:41.484597,2026-05-26 17:25:32.538707,13
706,2026-05-26,2026-05-26 08:22:28.858515,2026-05-26 17:23:00.720147,22m late,late,2026-05-26 08:22:28.860681,2026-05-26 17:23:00.723284,24
707,2026-05-26,2026-05-26 08:49:49.324792,2026-05-26 19:04:53.782228,On time,on_time,2026-05-26 08:49:49.331368,2026-05-26 19:04:53.785168,29
708,2026-05-26,2026-05-26 09:11:44.610294,2026-05-26 17:25:27.172187,11m late,late,2026-05-26 09:11:44.617985,2026-05-26 17:25:27.176237,12
709,2026-05-26,2026-05-26 09:17:37.067247,2026-05-26 09:17:42.202748,you are late 917m,late,2026-05-26 09:17:37.074502,2026-05-26 09:17:42.206524,15
710,2026-05-26,2026-05-26 09:52:14.304324,2026-05-26 16:00:22.297566,On time,on_time,2026-05-26 09:52:14.306326,2026-05-26 16:00:22.298784,26
711,2026-05-26,2026-05-26 10:24:31.028790,2026-05-26 20:01:31.558265,24m late,late,2026-05-26 10:24:31.036854,2026-05-26 20:01:31.562677,7
712,2026-05-26,2026-05-26 11:13:39.555349,2026-05-26 20:51:17.395253,12h 13m late,late,2026-05-26 11:13:39.562706,2026-05-26 20:51:17.398617,5
713,2026-05-26,2026-05-26 12:16:35.774098,2026-05-26 20:08:13.900257,11h 16m late,late,2026-05-26 12:16:35.780818,2026-05-26 20:08:13.903497,11
714,2026-05-26,2026-05-26 13:14:33.040544,2026-05-26 22:14:44.541296,On time,on_time,2026-05-26 13:14:33.048483,2026-05-26 22:14:44.544536,14
715,2026-05-26,2026-05-26 14:51:29.106548,2026-05-27 00:36:50.077801,23h 51m late,late,2026-05-26 14:51:29.113785,2026-05-27 00:36:50.078903,21
716,2026-05-26,2026-05-26 15:09:05.077068,2026-05-26 15:09:10.296142,9m late,late,2026-05-26 15:09:05.083648,2026-05-26 15:09:10.299242,23
717,2026-05-26,2026-05-26 15:12:52.436224,2026-05-26 22:14:26.345731,12m late,late,2026-05-26 15:12:52.443831,2026-05-26 22:14:26.349452,10
718,2026-05-26,2026-05-26 15:16:34.607978,2026-05-27 03:19:23.918485,16m late,late,2026-05-26 15:16:34.612053,2026-05-27 03:19:23.921742,8
719,2026-05-26,2026-05-26 16:03:39.072034,2026-05-26 21:57:19.803175,3m late,late,2026-05-26 16:03:39.080000,2026-05-26 21:57:19.807008,4
720,2026-05-26,2026-05-26 16:08:42.066956,2026-05-27 00:21:25.317155,8m late,late,2026-05-26 16:08:42.069053,2026-05-27 00:21:25.320531,9
721,2026-05-26,2026-05-26 16:25:05.783112,2026-05-27 00:05:21.936144,25m late,late,2026-05-26 16:25:05.789869,2026-05-27 00:05:21.939511,18
722,2026-05-26,2026-05-26 16:25:11.081465,2026-05-27 00:05:14.134718,25m late,late,2026-05-26 16:25:11.089104,2026-05-27 00:05:14.135667,19
723,2026-05-26,2026-05-26 17:25:32.572778,2026-05-26 17:25:45.725365,9h 25m late,late,2026-05-26 17:25:32.577584,2026-05-26 17:25:45.729303,13
724,2026-05-26,2026-05-26 18:16:44.051446,2026-05-26 23:05:00.350053,3h 16m late,late,2026-05-26 18:16:44.057817,2026-05-26 23:05:00.353203,25
725,2026-05-26,2026-05-26 18:52:04.631729,,52m late,late,2026-05-26 18:52:04.639703,2026-05-26 18:52:04.639767,15
726,2026-05-26,2026-05-26 23:47:09.220496,2026-05-26 23:47:22.041829,8h 47m late,late,2026-05-26 23:47:09.228199,2026-05-26 23:47:22.045722,23
727,2026-05-26,2026-05-26 23:57:31.711178,2026-05-27 08:17:18.358007,57m late,late,2026-05-26 23:57:31.718957,2026-05-27 08:17:18.362111,16
728,2026-05-27,2026-05-27 00:04:35.689260,2026-05-27 04:59:51.177911,On time,on_time,2026-05-27 00:04:35.696077,2026-05-27 04:59:51.182207,6
729,2026-05-27,2026-05-27 05:13:52.963946,2026-05-27 13:49:07.836285,14h 13m late,late,2026-05-27 05:13:52.970569,2026-05-27 13:49:07.839571,10
730,2026-05-27,2026-05-27 08:00:03.117119,2026-05-27 16:45:03.653037,0m late,late,2026-05-27 08:00:03.125216,2026-05-27 16:45:03.656697,24
731,2026-05-27,2026-05-27 08:47:04.264745,2026-05-27 17:48:10.600258,47m late,late,2026-05-27 08:47:04.268838,2026-05-27 17:48:10.603722,13
732,2026-05-27,2026-05-27 09:18:54.965759,2026-05-27 14:10:51.501666,On time,on_time,2026-05-27 09:18:54.972697,2026-05-27 14:10:51.505032,7
733,2026-05-27,2026-05-27 09:44:03.754063,2026-05-27 09:44:09.006673,you are late 944m,late,2026-05-27 09:44:03.761832,2026-05-27 09:44:09.010121,15
734,2026-05-27,2026-05-27 10:10:31.836141,2026-05-27 19:56:28.936959,11h 10m late,late,2026-05-27 10:10:31.843716,2026-05-27 19:56:28.941176,5
735,2026-05-27,2026-05-27 13:36:35.535438,2026-05-27 23:50:04.679733,On time,on_time,2026-05-27 13:36:35.543501,2026-05-27 23:50:04.683464,14
736,2026-05-27,2026-05-27 14:00:25.714230,2026-05-27 18:02:13.914448,13h late,late,2026-05-27 14:00:25.718657,2026-05-27 18:02:13.917804,11
737,2026-05-27,2026-05-27 14:38:38.908321,2026-05-27 22:20:02.929296,22h 38m late,late,2026-05-27 14:38:38.910862,2026-05-27 22:20:02.933327,19
738,2026-05-27,2026-05-27 14:56:42.993624,2026-05-28 00:25:04.261805,23h 56m late,late,2026-05-27 14:56:42.996654,2026-05-28 00:25:04.262881,21
739,2026-05-27,2026-05-27 18:09:29.443085,2026-05-28 00:19:08.315556,3h 9m late,late,2026-05-27 18:09:29.450122,2026-05-28 00:19:08.319649,8
740,2026-05-27,2026-05-27 18:43:18.786901,2026-05-27 23:15:23.298093,2h 43m late,late,2026-05-27 18:43:18.790056,2026-05-27 23:15:23.301661,9
741,2026-05-27,2026-05-27 18:59:47.787669,,59m late,late,2026-05-27 18:59:47.794938,2026-05-27 18:59:47.794970,15
742,2026-05-27,2026-05-27 19:11:36.226953,2026-05-28 03:05:51.981043,3h 11m late,late,2026-05-27 19:11:36.233646,2026-05-28 03:05:51.984268,18
743,2026-05-27,2026-05-27 23:55:13.582004,2026-05-28 08:40:14.156481,55m late,late,2026-05-27 23:55:13.589332,2026-05-28 08:40:14.159824,16
744,2026-05-28,2026-05-28 00:03:07.437951,2026-05-28 05:01:45.546146,On time,on_time,2026-05-28 00:03:07.439854,2026-05-28 05:01:45.549457,6
745,2026-05-28,2026-05-28 05:37:03.237085,2026-05-28 14:35:15.826539,14h 37m late,late,2026-05-28 05:37:03.244003,2026-05-28 14:35:15.827502,10
746,2026-05-28,2026-05-28 08:30:52.697900,2026-05-28 16:00:07.473174,30m late,late,2026-05-28 08:30:52.704909,2026-05-28 16:00:07.474619,24
747,2026-05-28,2026-05-28 09:01:53.239768,2026-05-28 17:22:14.878530,On time,on_time,2026-05-28 09:01:53.247237,2026-05-28 17:22:14.881688,29
748,2026-05-28,2026-05-28 09:04:58.200118,2026-05-28 18:14:57.219529,1h 4m late,late,2026-05-28 09:04:58.202780,2026-05-28 18:14:57.223748,13
749,2026-05-28,2026-05-28 10:13:22.456403,2026-05-28 14:46:34.032237,13m late,late,2026-05-28 10:13:22.458604,2026-05-28 14:46:34.033899,7
750,2026-05-28,2026-05-28 10:24:08.398958,2026-05-28 10:24:13.840347,you are late 984m,late,2026-05-28 10:24:08.407299,2026-05-28 10:24:13.843638,15
751,2026-05-28,2026-05-28 11:37:26.356274,2026-05-28 20:07:30.563567,12h 37m late,late,2026-05-28 11:37:26.359709,2026-05-28 20:07:30.567232,5
752,2026-05-28,2026-05-28 14:14:00.615615,2026-05-28 22:08:10.403938,14m late,late,2026-05-28 14:14:00.618177,2026-05-28 22:08:10.407297,14
753,2026-05-28,2026-05-28 14:15:45.243207,2026-05-28 18:02:26.506898,13h 15m late,late,2026-05-28 14:15:45.250929,2026-05-28 18:02:26.510690,11
754,2026-05-28,2026-05-28 14:23:21.384837,2026-05-28 22:15:03.124049,22h 23m late,late,2026-05-28 14:23:21.393083,2026-05-28 22:15:03.125605,19
755,2026-05-28,2026-05-28 15:57:55.061286,2026-05-29 00:18:14.081809,57m late,late,2026-05-28 15:57:55.064195,2026-05-29 00:18:14.085269,21
756,2026-05-28,2026-05-28 18:11:39.151640,2026-05-29 00:12:19.712507,3h 11m late,late,2026-05-28 18:11:39.154371,2026-05-29 00:12:19.715762,8
757,2026-05-28,2026-05-28 18:43:17.421255,2026-05-28 23:01:11.783000,2h 43m late,late,2026-05-28 18:43:17.427260,2026-05-28 23:01:11.786298,9
758,2026-05-28,2026-05-28 18:49:49.738889,,49m late,late,2026-05-28 18:49:49.746135,2026-05-28 18:49:49.746163,15
759,2026-05-28,2026-05-28 18:53:37.404076,2026-05-29 03:04:02.671759,2h 53m late,late,2026-05-28 18:53:37.410656,2026-05-29 03:04:02.674984,18
760,2026-05-28,2026-05-28 21:29:43.090924,,6h 29m late,late,2026-05-28 21:29:43.098246,2026-05-28 21:29:43.098295,23
761,2026-05-28,2026-05-28 23:56:22.848357,2026-05-29 08:36:30.335734,56m late,late,2026-05-28 23:56:22.850213,2026-05-29 08:36:30.339077,16
762,2026-05-28,2026-05-28 23:58:17.164022,2026-05-29 06:57:02.355294,7h 58m late,late,2026-05-28 23:58:17.166246,2026-05-29 06:57:02.358934,4
763,2026-05-29,2026-05-29 00:23:18.745816,2026-05-29 04:59:44.861809,On time,on_time,2026-05-29 00:23:18.754491,2026-05-29 04:59:44.865098,6
764,2026-05-29,2026-05-29 05:55:34.799870,2026-05-29 14:09:30.110037,14h 55m late,late,2026-05-29 05:55:34.803320,2026-05-29 14:09:30.111711,10
765,2026-05-29,2026-05-29 08:21:16.091528,2026-05-29 17:59:30.846862,21m late,late,2026-05-29 08:21:16.095989,2026-05-29 17:59:30.850858,13
766,2026-05-29,2026-05-29 08:37:08.754225,2026-05-29 14:07:06.446928,On time,on_time,2026-05-29 08:37:08.761137,2026-05-29 14:07:06.450121,29
767,2026-05-29,2026-05-29 08:58:04.702929,2026-05-29 14:16:22.747709,On time,on_time,2026-05-29 08:58:04.706758,2026-05-29 14:16:22.751026,12
768,2026-05-29,2026-05-29 09:06:19.194227,2026-05-29 16:11:24.284502,1h 6m late,late,2026-05-29 09:06:19.196819,2026-05-29 16:11:24.288251,24
769,2026-05-29,2026-05-29 09:31:01.733951,2026-05-29 14:01:12.013097,10h 31m late,late,2026-05-29 09:31:01.741810,2026-05-29 14:01:12.016881,5
770,2026-05-29,2026-05-29 10:50:30.518250,2026-05-29 10:50:35.801521,you are late 1010m,late,2026-05-29 10:50:30.525508,2026-05-29 10:50:35.804285,15
771,2026-05-29,2026-05-29 11:49:13.985504,2026-05-29 11:49:16.856900,On time,on_time,2026-05-29 11:49:13.990770,2026-05-29 11:49:16.858043,22
772,2026-05-29,2026-05-29 12:01:45.209848,2026-05-29 17:37:58.168065,2h 1m late,late,2026-05-29 12:01:45.217731,2026-05-29 17:37:58.168909,7
773,2026-05-29,2026-05-29 14:09:16.543965,2026-05-29 21:58:29.176685,9m late,late,2026-05-29 14:09:16.551373,2026-05-29 21:58:29.177942,14
774,2026-05-29,2026-05-29 14:32:34.662256,2026-05-29 18:18:09.811090,13h 32m late,late,2026-05-29 14:32:34.670143,2026-05-29 18:18:09.814501,11
775,2026-05-29,2026-05-29 14:46:24.188836,2026-05-29 21:58:31.903455,22h 46m late,late,2026-05-29 14:46:24.195640,2026-05-29 21:58:31.906902,19
776,2026-05-29,2026-05-29 16:11:56.481175,2026-05-30 00:42:03.077521,1h 11m late,late,2026-05-29 16:11:56.489105,2026-05-30 00:42:03.081057,21
777,2026-05-29,2026-05-29 16:35:16.574320,,3h 35m late,late,2026-05-29 16:35:16.582634,2026-05-29 16:35:16.582664,22
778,2026-05-29,2026-05-29 18:11:17.050364,2026-05-29 23:10:03.434230,3h 11m late,late,2026-05-29 18:11:17.056829,2026-05-29 23:10:03.437776,25
779,2026-05-29,2026-05-29 18:13:16.738970,2026-05-30 00:04:56.166447,3h 13m late,late,2026-05-29 18:13:16.742884,2026-05-30 00:04:56.168022,8
780,2026-05-29,2026-05-29 18:54:00.004947,,54m late,late,2026-05-29 18:54:00.012271,2026-05-29 18:54:00.012334,15
781,2026-05-29,2026-05-29 19:01:45.602952,2026-05-30 03:01:45.525741,3h 1m late,late,2026-05-29 19:01:45.611003,2026-05-30 03:01:45.529532,18
782,2026-05-29,2026-05-29 19:06:55.573613,2026-05-29 23:23:01.016985,3h 6m late,late,2026-05-29 19:06:55.576242,2026-05-29 23:23:01.019792,9
783,2026-05-29,2026-05-29 23:03:31.989889,2026-05-30 06:00:33.195177,7h 3m late,late,2026-05-29 23:03:31.992116,2026-05-30 06:00:33.198867,4
784,2026-05-29,2026-05-29 23:57:46.553281,2026-05-30 12:18:22.572134,57m late,late,2026-05-29 23:57:46.559938,2026-05-30 12:18:22.576082,16
785,2026-05-30,2026-05-30 07:31:06.575884,2026-05-30 17:06:06.699510,On time,on_time,2026-05-30 07:31:06.583300,2026-05-30 17:06:06.703180,13
786,2026-05-30,2026-05-30 08:51:41.306987,2026-05-30 17:12:47.215626,On time,on_time,2026-05-30 08:51:41.310792,2026-05-30 17:12:47.218885,12
787,2026-05-30,2026-05-30 09:01:50.286360,2026-05-30 19:05:39.953646,On time,on_time,2026-05-30 09:01:50.292627,2026-05-30 19:05:39.954822,29
788,2026-05-30,2026-05-30 09:27:17.782649,2026-05-30 18:55:39.943260,you are late 927m,late,2026-05-30 09:27:17.790595,2026-05-30 18:55:39.947445,15
789,2026-05-30,2026-05-30 09:51:01.809985,2026-05-30 15:54:47.089854,On time,on_time,2026-05-30 09:51:01.816572,2026-05-30 15:54:47.093064,26
790,2026-05-30,2026-05-30 10:17:33.819172,2026-05-30 20:05:31.391946,17m late,late,2026-05-30 10:17:33.826080,2026-05-30 20:05:31.392874,7
791,2026-05-30,2026-05-30 10:26:41.090858,2026-05-30 17:57:07.601714,,on_time,2026-05-30 10:26:41.094106,2026-05-30 17:57:07.605118,22
792,2026-05-30,2026-05-30 11:23:09.131365,2026-05-30 21:04:38.830942,12h 23m late,late,2026-05-30 11:23:09.138472,2026-05-30 21:04:38.834535,5
793,2026-05-30,2026-05-30 12:21:55.941076,2026-05-30 21:55:35.744106,11h 21m late,late,2026-05-30 12:21:55.948355,2026-05-30 21:55:35.745204,11
794,2026-05-30,2026-05-30 12:46:23.951819,2026-05-31 00:47:00.481207,21h 46m late,late,2026-05-30 12:46:23.958620,2026-05-31 00:47:00.485462,21
795,2026-05-30,2026-05-30 14:12:22.534186,2026-05-30 22:04:38.775599,12m late,late,2026-05-30 14:12:22.541978,2026-05-30 22:04:38.778855,14
796,2026-05-30,2026-05-30 14:55:12.526789,2026-05-31 00:11:43.323345,you are late 1435m,late,2026-05-30 14:55:12.528659,2026-05-31 00:11:43.327631,23
797,2026-05-30,2026-05-30 15:24:37.323836,2026-05-30 22:04:22.706987,24m late,late,2026-05-30 15:24:37.331654,2026-05-30 22:04:22.707914,10
798,2026-05-30,2026-05-30 15:47:30.104867,2026-05-31 03:12:45.313793,47m late,late,2026-05-30 15:47:30.112414,2026-05-31 03:12:45.317883,8
799,2026-05-30,2026-05-30 15:54:47.155552,2026-05-30 15:54:52.712680,5h 54m late,late,2026-05-30 15:54:47.160328,2026-05-30 15:54:52.715964,26
800,2026-05-30,2026-05-30 16:13:20.431711,2026-05-30 23:02:48.376511,13m late,late,2026-05-30 16:13:20.434930,2026-05-30 23:02:48.379902,4
801,2026-05-30,2026-05-30 16:22:01.796754,2026-05-31 00:06:19.517773,22m late,late,2026-05-30 16:22:01.803698,2026-05-31 00:06:19.521134,18
802,2026-05-30,2026-05-30 16:22:09.827421,2026-05-31 00:06:38.338533,22m late,late,2026-05-30 16:22:09.830711,2026-05-31 00:06:38.339845,19
803,2026-05-30,2026-05-30 18:00:08.123545,2026-05-30 23:02:07.955711,3h late,late,2026-05-30 18:00:08.125482,2026-05-30 23:02:07.956629,25
804,2026-05-30,2026-05-30 18:55:48.305176,2026-05-31 08:05:25.628125,55m late,late,2026-05-30 18:55:48.307579,2026-05-31 08:05:25.632116,15
805,2026-05-30,2026-05-30 22:07:34.342505,2026-05-31 08:00:17.653160,12h 7m late,late,2026-05-30 22:07:34.351314,2026-05-31 08:00:17.656526,6
806,2026-05-31,2026-05-31 00:12:12.694426,2026-05-31 12:41:52.502790,On time,on_time,2026-05-31 00:12:12.702063,2026-05-31 12:41:52.506037,24
807,2026-05-31,2026-05-31 07:33:07.991531,2026-05-31 17:01:03.712470,On time,on_time,2026-05-31 07:33:07.999709,2026-05-31 17:01:03.716435,13
808,2026-05-31,2026-05-31 08:58:10.790208,2026-05-31 08:58:13.504347,On time,on_time,2026-05-31 08:58:10.797121,2026-05-31 08:58:13.507561,29
809,2026-05-31,2026-05-31 09:00:26.572591,2026-05-31 17:46:57.843247,0m late,late,2026-05-31 09:00:26.579422,2026-05-31 17:46:57.846952,12
810,2026-05-31,2026-05-31 10:34:04.818508,2026-05-31 20:13:05.142455,On time,on_time,2026-05-31 10:34:04.826702,2026-05-31 20:13:05.145755,22
811,2026-05-31,2026-05-31 11:24:54.445982,2026-05-31 20:59:02.244279,12h 24m late,late,2026-05-31 11:24:54.447965,2026-05-31 20:59:02.247773,5
812,2026-05-31,2026-05-31 12:04:12.181759,2026-05-31 20:02:56.737784,11h 4m late,late,2026-05-31 12:04:12.188415,2026-05-31 20:02:56.739060,11
813,2026-05-31,2026-05-31 13:25:06.522095,2026-06-01 01:48:41.005629,22h 25m late,late,2026-05-31 13:25:06.528944,2026-06-01 01:48:41.009052,21
814,2026-05-31,2026-05-31 15:30:42.113317,2026-05-31 21:17:18.761707,1h 30m late,late,2026-05-31 15:30:42.121426,2026-05-31 21:17:18.765447,14
815,2026-05-31,2026-05-31 16:18:16.675988,2026-05-31 23:59:53.520640,18m late,late,2026-05-31 16:18:16.684091,2026-05-31 23:59:53.524376,9
816,2026-05-31,2026-05-31 16:30:02.016476,2026-05-31 23:42:24.506458,30m late,late,2026-05-31 16:30:02.023815,2026-05-31 23:42:24.511113,18
817,2026-05-31,2026-05-31 16:30:10.194539,2026-05-31 23:43:28.949982,30m late,late,2026-05-31 16:30:10.196863,2026-05-31 23:43:28.953443,19
818,2026-05-31,2026-05-31 18:50:18.934686,2026-05-31 18:51:12.603181,7h 50m late,late,2026-05-31 18:50:18.937023,2026-05-31 18:51:12.606502,29
819,2026-05-31,2026-05-31 18:54:24.045962,2026-06-01 07:00:51.196101,54m late,late,2026-05-31 18:54:24.054496,2026-06-01 07:00:51.199689,15
820,2026-05-31,2026-05-31 22:09:34.076596,2026-06-01 08:00:05.964225,12h 9m late,late,2026-05-31 22:09:34.084198,2026-06-01 08:00:05.967660,6
821,2026-06-01,2026-06-01 00:02:11.664696,2026-06-01 12:02:05.357776,1h 2m late,late,2026-06-01 00:02:11.669195,2026-06-01 12:02:05.361476,16
822,2026-06-01,2026-06-01 07:01:23.216174,2026-06-01 17:52:44.730833,On time,on_time,2026-06-01 07:01:23.224319,2026-06-01 17:52:44.734889,13
823,2026-06-01,2026-06-01 08:55:03.907451,2026-06-01 19:02:03.109007,On time,on_time,2026-06-01 08:55:03.915127,2026-06-01 19:02:03.112150,29
824,2026-06-01,2026-06-01 08:59:36.111261,2026-06-01 18:37:41.930692,On time,on_time,2026-06-01 08:59:36.118687,2026-06-01 18:37:41.934128,12
825,2026-06-01,2026-06-01 09:25:22.823461,2026-06-01 15:54:32.139200,On time,on_time,2026-06-01 09:25:22.831123,2026-06-01 15:54:32.142884,26
826,2026-06-01,2026-06-01 10:45:16.342734,2026-06-01 20:49:44.789299,On time,on_time,2026-06-01 10:45:16.349066,2026-06-01 20:49:44.792615,22
827,2026-06-01,2026-06-01 11:32:59.499073,2026-06-01 21:14:31.499415,12h 32m late,late,2026-06-01 11:32:59.506571,2026-06-01 21:14:31.503329,5
828,2026-06-01,2026-06-01 11:47:19.073038,2026-06-02 01:31:05.295446,20h 47m late,late,2026-06-01 11:47:19.075573,2026-06-02 01:31:05.298997,21
829,2026-06-01,2026-06-01 11:59:14.309138,2026-06-01 20:05:38.648657,10h 59m late,late,2026-06-01 11:59:14.317478,2026-06-01 20:05:38.650015,11
830,2026-06-01,2026-06-01 15:20:50.173435,2026-06-02 03:23:04.649256,20m late,late,2026-06-01 15:20:50.180518,2026-06-02 03:23:04.653564,8
831,2026-06-01,2026-06-01 15:21:19.907212,,21m late,late,2026-06-01 15:21:19.914197,2026-06-01 15:21:19.914226,23
832,2026-06-01,2026-06-01 15:33:04.504127,2026-06-01 23:12:32.002706,33m late,late,2026-06-01 15:33:04.511364,2026-06-01 23:12:32.006144,10
833,2026-06-01,2026-06-01 15:46:49.470211,2026-06-01 22:15:45.161182,1h 46m late,late,2026-06-01 15:46:49.479029,2026-06-01 22:15:45.162715,14
834,2026-06-01,2026-06-01 16:00:26.486268,2026-06-02 00:03:40.177658,0m late,late,2026-06-01 16:00:26.494841,2026-06-02 00:03:40.181320,9
835,2026-06-01,2026-06-01 16:15:56.854522,2026-06-01 23:06:21.712631,15m late,late,2026-06-01 16:15:56.862015,2026-06-01 23:06:21.715462,4
836,2026-06-01,2026-06-01 16:33:09.575589,2026-06-02 00:03:48.248624,33m late,late,2026-06-01 16:33:09.579359,2026-06-02 00:03:48.249912,18
837,2026-06-01,2026-06-01 18:48:03.108883,,48m late,late,2026-06-01 18:48:03.117014,2026-06-01 18:48:03.117045,15
838,2026-06-01,2026-06-01 22:05:11.710906,2026-06-02 01:29:36.765564,12h 5m late,late,2026-06-01 22:05:11.719758,2026-06-02 01:29:36.769026,6
839,2026-06-01,2026-06-01 22:51:26.849600,2026-06-02 01:57:48.326166,12h 51m late,late,2026-06-01 22:51:26.857837,2026-06-02 01:57:48.328116,7
840,2026-06-01,2026-06-01 23:58:38.831176,2026-06-02 12:02:21.368607,58m late,late,2026-06-01 23:58:38.834112,2026-06-02 12:02:21.370051,16
841,2026-06-02,2026-06-02 08:09:49.872890,2026-06-02 17:09:21.440625,1h 9m late,late,2026-06-02 08:09:49.881594,2026-06-02 17:09:21.444893,13
842,2026-06-02,2026-06-02 09:01:54.088176,2026-06-02 18:58:50.726458,On time,on_time,2026-06-02 09:01:54.090296,2026-06-02 18:58:50.729721,29
843,2026-06-02,2026-06-02 09:05:00.907974,2026-06-02 19:06:08.224831,11h 5m late,late,2026-06-02 09:05:00.910077,2026-06-02 19:06:08.226019,6
844,2026-06-02,2026-06-02 09:12:12.906481,2026-06-02 09:12:18.434436,you are late 852m,late,2026-06-02 09:12:12.908630,2026-06-02 09:12:18.437975,15
845,2026-06-02,2026-06-02 09:48:47.104003,2026-06-02 15:55:37.152203,On time,on_time,2026-06-02 09:48:47.112075,2026-06-02 15:55:37.156271,26
846,2026-06-02,2026-06-02 11:15:05.677195,2026-06-02 21:20:23.934056,12h 15m late,late,2026-06-02 11:15:05.679703,2026-06-02 21:20:23.935043,5
847,2026-06-02,2026-06-02 11:53:33.445557,2026-06-02 20:17:03.139364,On time,on_time,2026-06-02 11:53:33.453670,2026-06-02 20:17:03.141146,11
848,2026-06-02,2026-06-02 12:16:20.609678,2026-06-02 22:11:22.684943,On time,on_time,2026-06-02 12:16:20.611719,2026-06-02 22:11:22.686647,22
849,2026-06-02,2026-06-02 13:08:33.943250,2026-06-03 01:08:43.663132,22h 8m late,late,2026-06-02 13:08:33.951300,2026-06-03 01:08:43.664198,21
850,2026-06-02,2026-06-02 15:26:26.376368,2026-06-03 03:23:27.339860,26m late,late,2026-06-02 15:26:26.383609,2026-06-03 03:23:27.343617,8
851,2026-06-02,2026-06-02 15:27:33.723069,2026-06-02 23:22:10.516940,27m late,late,2026-06-02 15:27:33.729929,2026-06-02 23:22:10.518951,10
852,2026-06-02,2026-06-02 16:01:42.257732,2026-06-02 23:02:20.137249,1m late,late,2026-06-02 16:01:42.265026,2026-06-02 23:02:20.138224,4
853,2026-06-02,2026-06-02 16:10:19.075969,2026-06-03 00:07:44.655319,10m late,late,2026-06-02 16:10:19.083079,2026-06-03 00:07:44.660059,9
854,2026-06-02,2026-06-02 16:18:48.842079,2026-06-03 00:15:00.077706,18m late,late,2026-06-02 16:18:48.850445,2026-06-03 00:15:00.078986,19
855,2026-06-02,2026-06-02 16:19:00.041828,2026-06-02 16:19:02.774918,2h 19m late,late,2026-06-02 16:19:00.049520,2026-06-02 16:19:02.775936,18
856,2026-06-02,2026-06-02 16:19:10.942533,2026-06-03 00:14:38.174137,2h 19m late,late,2026-06-02 16:19:10.945323,2026-06-03 00:14:38.177834,18
857,2026-06-02,2026-06-02 17:07:47.248159,2026-06-02 22:02:58.322536,3h 7m late,late,2026-06-02 17:07:47.255290,2026-06-02 22:02:58.323514,14
858,2026-06-02,2026-06-02 18:46:09.754963,,23h 46m late,late,2026-06-02 18:46:09.762102,2026-06-02 18:46:09.762132,15
859,2026-06-02,2026-06-02 22:04:08.310543,2026-06-02 22:04:13.731981,7h 4m late,late,2026-06-02 22:04:08.317599,2026-06-02 22:04:13.735549,1
860,2026-06-03,2026-06-03 00:03:12.297526,2026-06-03 12:05:57.307225,1h 3m late,late,2026-06-03 00:03:12.300760,2026-06-03 12:05:57.310770,16
861,2026-06-03,2026-06-03 07:21:06.819931,2026-06-03 17:09:15.892204,21m late,late,2026-06-03 07:21:06.827655,2026-06-03 17:09:15.896664,13
862,2026-06-03,2026-06-03 08:54:26.138186,2026-06-03 19:29:47.166996,On time,on_time,2026-06-03 08:54:26.145662,2026-06-03 19:29:47.170331,12
863,2026-06-03,2026-06-03 09:03:12.728089,2026-06-03 19:08:47.911646,On time,on_time,2026-06-03 09:03:12.735036,2026-06-03 19:08:47.915148,29
864,2026-06-03,2026-06-03 09:23:18.552151,2026-06-03 19:17:18.471438,11h 23m late,late,2026-06-03 09:23:18.554174,2026-06-03 19:17:18.474701,6
865,2026-06-03,2026-06-03 09:54:02.764863,2026-06-03 15:54:24.658493,On time,on_time,2026-06-03 09:54:02.767071,2026-06-03 15:54:24.661655,26
866,2026-06-03,2026-06-03 11:01:38.947977,2026-06-03 11:01:44.507911,you are late 961m,late,2026-06-03 11:01:38.952442,2026-06-03 11:01:44.510456,15
867,2026-06-03,2026-06-03 11:40:08.070458,2026-06-03 21:26:01.287552,On time,on_time,2026-06-03 11:40:08.072901,2026-06-03 21:26:01.290582,22
868,2026-06-03,2026-06-03 11:53:07.825938,2026-06-03 20:03:07.911743,On time,on_time,2026-06-03 11:53:07.832903,2026-06-03 20:03:07.915244,11
869,2026-06-03,2026-06-03 12:16:02.072501,2026-06-04 00:40:18.644414,21h 16m late,late,2026-06-03 12:16:02.075144,2026-06-04 00:40:18.647691,21
870,2026-06-03,2026-06-03 14:32:12.099854,2026-06-03 22:21:18.003909,32m late,late,2026-06-03 14:32:12.107671,2026-06-03 22:21:18.007366,14
871,2026-06-03,2026-06-03 15:18:58.099673,2026-06-04 03:21:03.583155,18m late,late,2026-06-03 15:18:58.101889,2026-06-04 03:21:03.586715,8
872,2026-06-03,2026-06-03 15:29:01.663204,2026-06-03 23:13:31.395754,29m late,late,2026-06-03 15:29:01.670970,2026-06-03 23:13:31.398955,10
873,2026-06-03,2026-06-03 16:03:37.347043,2026-06-03 23:05:09.023384,3m late,late,2026-06-03 16:03:37.349630,2026-06-03 23:05:09.027233,4
874,2026-06-03,2026-06-03 16:03:45.569126,2026-06-04 00:26:00.773457,3m late,late,2026-06-03 16:03:45.571201,2026-06-04 00:26:00.775389,9
875,2026-06-03,2026-06-03 16:10:07.449885,2026-06-04 00:02:32.750226,2h 10m late,late,2026-06-03 16:10:07.457618,2026-06-04 00:02:32.752722,18
876,2026-06-03,2026-06-03 16:10:34.571321,2026-06-04 00:02:44.072363,10m late,late,2026-06-03 16:10:34.577895,2026-06-04 00:02:44.075843,19
877,2026-06-03,2026-06-03 18:01:17.926753,2026-06-03 21:14:21.395183,19h 1m late,late,2026-06-03 18:01:17.930164,2026-06-03 21:14:21.399666,5
878,2026-06-03,2026-06-03 18:57:26.029796,2026-06-04 07:46:15.404845,23h 57m late,late,2026-06-03 18:57:26.037112,2026-06-04 07:46:15.408894,15
879,2026-06-03,2026-06-03 23:56:44.485118,2026-06-04 08:26:41.038509,56m late,late,2026-06-03 23:56:44.490742,2026-06-04 08:26:41.041971,16
880,2026-06-04,2026-06-04 07:42:14.543437,2026-06-04 19:28:43.150921,9h 42m late,late,2026-06-04 07:42:14.546047,2026-06-04 19:28:43.153357,6
881,2026-06-04,2026-06-04 08:48:23.417321,2026-06-04 18:38:30.047050,On time,on_time,2026-06-04 08:48:23.420970,2026-06-04 18:38:30.050441,29
882,2026-06-04,2026-06-04 09:56:01.611938,2026-06-04 15:54:01.388701,On time,on_time,2026-06-04 09:56:01.619486,2026-06-04 15:54:01.391746,26
883,2026-06-04,2026-06-04 11:03:17.555221,2026-06-04 20:59:26.105478,On time,on_time,2026-06-04 11:03:17.563061,2026-06-04 20:59:26.109113,22
884,2026-06-04,2026-06-04 11:06:01.394812,2026-06-04 17:32:23.554453,20h 6m late,late,2026-06-04 11:06:01.401702,2026-06-04 17:32:23.558575,21
885,2026-06-04,2026-06-04 11:11:30.578803,2026-06-04 20:58:56.129651,11m late,late,2026-06-04 11:11:30.582596,2026-06-04 20:58:56.134160,5
886,2026-06-04,2026-06-04 12:11:14.474461,2026-06-04 20:13:18.706355,On time,on_time,2026-06-04 12:11:14.482411,2026-06-04 20:13:18.709883,11
887,2026-06-04,2026-06-04 15:09:04.390497,2026-06-04 23:09:01.421428,9m late,late,2026-06-04 15:09:04.397453,2026-06-04 23:09:01.424919,10
888,2026-06-04,2026-06-04 15:17:06.651881,2026-06-05 03:19:22.515441,17m late,late,2026-06-04 15:17:06.655152,2026-06-05 03:19:22.517166,8
889,2026-06-04,2026-06-04 15:54:36.468403,2026-06-04 23:08:53.277317,7h 54m late,late,2026-06-04 15:54:36.477159,2026-06-04 23:08:53.281615,24
890,2026-06-04,2026-06-04 16:04:41.649418,2026-06-04 23:02:11.322833,4m late,late,2026-06-04 16:04:41.656116,2026-06-04 23:02:11.326795,4
891,2026-06-04,2026-06-04 16:09:31.265809,2026-06-05 00:20:51.062292,9m late,late,2026-06-04 16:09:31.272731,2026-06-05 00:20:51.063187,9
892,2026-06-04,2026-06-04 16:26:32.555425,2026-06-05 00:14:03.270779,2h 26m late,late,2026-06-04 16:26:32.562031,2026-06-05 00:14:03.272816,18
893,2026-06-04,2026-06-04 16:26:40.695780,2026-06-05 00:14:08.722627,26m late,late,2026-06-04 16:26:40.703344,2026-06-05 00:14:08.726340,19
894,2026-06-04,2026-06-04 17:11:15.555984,2026-06-04 23:11:48.112380,3h 11m late,late,2026-06-04 17:11:15.563238,2026-06-04 23:11:48.116686,14
895,2026-06-04,2026-06-04 18:46:35.700645,,23h 46m late,late,2026-06-04 18:46:35.708777,2026-06-04 18:46:35.708830,15
896,2026-06-04,2026-06-04 23:01:49.035749,2026-06-05 08:22:03.990047,1m late,late,2026-06-04 23:01:49.044725,2026-06-05 08:22:03.993456,16
897,2026-06-05,2026-06-05 07:01:25.232852,2026-06-05 15:20:53.990856,On time,on_time,2026-06-05 07:01:25.241602,2026-06-05 15:20:53.994334,11
898,2026-06-05,2026-06-05 07:24:28.611562,2026-06-05 17:18:12.517366,24m late,late,2026-06-05 07:24:28.619221,2026-06-05 17:18:12.521784,13
899,2026-06-05,2026-06-05 08:05:35.183329,2026-06-05 17:04:49.896125,5m late,late,2026-06-05 08:05:35.190266,2026-06-05 17:04:49.897772,24
900,2026-06-05,2026-06-05 09:11:54.143136,2026-06-05 09:12:08.019072,you are late 851m,late,2026-06-05 09:11:54.150606,2026-06-05 09:12:08.020179,15
901,2026-06-05,2026-06-05 09:53:24.327107,2026-06-05 15:55:28.529648,On time,on_time,2026-06-05 09:53:24.334143,2026-06-05 15:55:28.530477,26
902,2026-06-05,2026-06-05 11:21:06.733422,2026-06-05 17:18:39.565988,21m late,late,2026-06-05 11:21:06.741051,2026-06-05 17:18:39.570442,5
903,2026-06-05,2026-06-05 11:44:37.601319,2026-06-05 23:06:41.601572,On time,on_time,2026-06-05 11:44:37.603847,2026-06-05 23:06:41.605087,14
904,2026-06-05,2026-06-05 14:43:52.842379,2026-06-06 00:42:59.832589,23h 43m late,late,2026-06-05 14:43:52.849275,2026-06-06 00:42:59.833673,21
905,2026-06-05,2026-06-05 15:07:32.953342,2026-06-06 03:14:27.771296,7m late,late,2026-06-05 15:07:32.955433,2026-06-06 03:14:27.774818,8
906,2026-06-05,2026-06-05 15:57:18.929021,2026-06-06 00:14:46.674106,23h 57m late,late,2026-06-05 15:57:18.935960,2026-06-06 00:14:46.677591,19
907,2026-06-05,2026-06-05 16:01:36.852228,2026-06-05 23:03:04.006098,1m late,late,2026-06-05 16:01:36.859896,2026-06-05 23:03:04.010612,4
908,2026-06-05,2026-06-05 16:02:04.189711,2026-06-06 00:30:11.586824,2m late,late,2026-06-05 16:02:04.198052,2026-06-06 00:30:11.590866,9
909,2026-06-05,2026-06-05 18:45:54.772253,,23h 45m late,late,2026-06-05 18:45:54.774888,2026-06-05 18:45:54.774896,15
910,2026-06-05,2026-06-05 20:11:13.438836,2026-06-06 06:51:13.679318,5h 11m late,late,2026-06-05 20:11:13.446360,2026-06-06 06:51:13.682281,10
911,2026-06-05,2026-06-05 23:56:35.015013,2026-06-06 12:04:23.369241,56m late,late,2026-06-05 23:56:35.022909,2026-06-06 12:04:23.372728,16
912,2026-06-06,2026-06-06 07:02:40.273744,2026-06-06 17:11:22.823265,2m late,late,2026-06-06 07:02:40.281018,2026-06-06 17:11:22.825310,13
913,2026-06-06,2026-06-06 08:40:00.409181,2026-06-06 19:06:58.349980,On time,on_time,2026-06-06 08:40:00.416470,2026-06-06 19:06:58.351104,29
914,2026-06-06,2026-06-06 09:07:43.513888,2026-06-06 19:16:46.579180,11h 7m late,late,2026-06-06 09:07:43.521584,2026-06-06 19:16:46.583015,6
915,2026-06-06,2026-06-06 09:19:42.634844,2026-06-06 09:19:48.060247,you are late 859m,late,2026-06-06 09:19:42.643133,2026-06-06 09:19:48.064210,15
916,2026-06-06,2026-06-06 09:54:17.155402,2026-06-06 15:54:10.613454,On time,on_time,2026-06-06 09:54:17.158303,2026-06-06 15:54:10.617610,26
917,2026-06-06,2026-06-06 11:01:47.144944,2026-06-06 20:47:19.619104,On time,on_time,2026-06-06 11:01:47.149163,2026-06-06 20:47:19.619951,22
918,2026-06-06,2026-06-06 11:14:08.016371,2026-06-06 21:29:23.901940,14m late,late,2026-06-06 11:14:08.023443,2026-06-06 21:29:23.905513,5
919,2026-06-06,2026-06-06 11:58:13.100510,2026-06-06 20:06:17.878310,On time,on_time,2026-06-06 11:58:13.107448,2026-06-06 20:06:17.881800,11
920,2026-06-06,2026-06-06 12:27:40.610381,2026-06-07 00:04:41.685861,4h 27m late,late,2026-06-06 12:27:40.618304,2026-06-07 00:04:41.689281,24
921,2026-06-06,2026-06-06 12:36:02.981685,2026-06-06 23:15:26.176951,On time,on_time,2026-06-06 12:36:02.988752,2026-06-06 23:15:26.180791,14
922,2026-06-06,2026-06-06 15:16:22.124751,2026-06-07 03:19:03.442914,16m late,late,2026-06-06 15:16:22.126731,2026-06-07 03:19:03.447953,8
923,2026-06-06,2026-06-06 15:43:01.878356,2026-06-06 23:17:36.107211,43m late,late,2026-06-06 15:43:01.885229,2026-06-06 23:17:36.108891,10
924,2026-06-06,2026-06-06 16:09:05.233844,2026-06-07 00:04:44.547385,2h 9m late,late,2026-06-06 16:09:05.241919,2026-06-07 00:04:44.550934,18
925,2026-06-06,2026-06-06 16:09:10.686114,2026-06-07 00:11:44.260244,9m late,late,2026-06-06 16:09:10.688379,2026-06-07 00:11:44.263861,19
926,2026-06-06,2026-06-06 16:48:20.899265,2026-06-06 23:03:35.031188,48m late,late,2026-06-06 16:48:20.906497,2026-06-06 23:03:35.034596,4
927,2026-06-06,2026-06-06 18:30:40.634131,,23h 30m late,late,2026-06-06 18:30:40.641922,2026-06-06 18:30:40.641954,15
928,2026-06-07,2026-06-07 00:02:10.237518,2026-06-07 12:21:45.952682,9h 2m late,late,2026-06-07 00:02:10.246808,2026-06-07 12:21:45.956139,21
929,2026-06-07,2026-06-07 07:04:18.967345,2026-06-07 17:07:39.466927,4m late,late,2026-06-07 07:04:18.976519,2026-06-07 17:07:39.471384,13
930,2026-06-07,2026-06-07 08:17:17.158250,2026-06-07 18:33:56.659286,On time,on_time,2026-06-07 08:17:17.165383,2026-06-07 18:33:56.662358,29
931,2026-06-07,2026-06-07 09:11:22.810669,2026-06-07 18:23:10.859361,11h 11m late,late,2026-06-07 09:11:22.818839,2026-06-07 18:23:10.863361,6
932,2026-06-07,2026-06-07 10:12:29.791249,2026-06-07 10:12:35.380144,you are late 912m,late,2026-06-07 10:12:29.795445,2026-06-07 10:12:35.383808,15
933,2026-06-07,2026-06-07 11:03:06.087988,2026-06-07 16:26:55.645856,On time,on_time,2026-06-07 11:03:06.095106,2026-06-07 16:26:55.649921,22
934,2026-06-07,2026-06-07 11:15:39.448572,2026-06-07 21:08:12.801079,15m late,late,2026-06-07 11:15:39.457651,2026-06-07 21:08:12.806198,5
935,2026-06-07,2026-06-07 11:57:00.173748,2026-06-07 20:07:35.720624,On time,on_time,2026-06-07 11:57:00.180839,2026-06-07 20:07:35.724113,11
936,2026-06-07,2026-06-07 12:00:44.153780,2026-06-07 23:22:48.456642,On time,on_time,2026-06-07 12:00:44.156456,2026-06-07 23:22:48.460343,14
937,2026-06-07,2026-06-07 12:06:42.289881,2026-06-08 00:00:14.400348,4h 6m late,late,2026-06-07 12:06:42.296983,2026-06-08 00:00:14.404792,24
938,2026-06-07,2026-06-07 15:21:02.997467,,21m late,late,2026-06-07 15:21:03.000137,2026-06-07 15:21:03.000148,10
939,2026-06-07,2026-06-07 16:06:20.409323,2026-06-08 00:01:33.133192,6m late,late,2026-06-07 16:06:20.416832,2026-06-08 00:01:33.137649,19
940,2026-06-07,2026-06-07 16:11:33.000273,2026-06-08 00:01:38.978982,11m late,late,2026-06-07 16:11:33.003452,2026-06-08 00:01:38.983133,9
941,2026-06-07,2026-06-07 17:45:15.163912,2026-06-08 00:01:07.529011,3h 45m late,late,2026-06-07 17:45:15.167198,2026-06-08 00:01:07.532637,18
942,2026-06-07,2026-06-07 18:36:51.945460,,23h 36m late,late,2026-06-07 18:36:51.956848,2026-06-07 18:36:51.956914,15
943,2026-06-07,2026-06-07 23:52:36.659930,2026-06-08 08:29:08.777434,52m late,late,2026-06-07 23:52:36.667511,2026-06-08 08:29:08.779230,16
944,2026-06-08,2026-06-08 07:04:56.418578,,4m late,late,2026-06-08 07:04:56.426746,2026-06-08 07:04:56.426757,13
945,2026-06-08,2026-06-08 08:20:15.476713,2026-06-08 17:03:47.265849,20m late,late,2026-06-08 08:20:15.483489,2026-06-08 17:03:47.269323,24
946,2026-06-08,2026-06-08 08:48:07.771786,2026-06-08 19:12:14.240724,On time,on_time,2026-06-08 08:48:07.778403,2026-06-08 19:12:14.244822,29
947,2026-06-08,2026-06-08 09:02:38.444800,2026-06-08 19:36:57.590956,11h 2m late,late,2026-06-08 09:02:38.452483,2026-06-08 19:36:57.591947,6
948,2026-06-08,2026-06-08 09:43:58.485324,2026-06-08 09:44:07.012836,you are late 883m,late,2026-06-08 09:43:58.488225,2026-06-08 09:44:07.017186,15
949,2026-06-08,2026-06-08 09:55:06.491494,2026-06-08 15:54:04.076254,On time,on_time,2026-06-08 09:55:06.498272,2026-06-08 15:54:04.079455,26
950,2026-06-08,2026-06-08 11:19:04.852155,2026-06-08 22:25:36.056515,19m late,late,2026-06-08 11:19:04.863607,2026-06-08 22:25:36.061176,5
951,2026-06-08,2026-06-08 11:50:27.635745,2026-06-08 20:03:46.439958,On time,on_time,2026-06-08 11:50:27.637837,2026-06-08 20:03:46.444140,11
952,2026-06-08,2026-06-08 14:55:49.258370,2026-06-09 00:19:58.174347,23h 55m late,late,2026-06-08 14:55:49.265854,2026-06-09 00:19:58.177931,21
953,2026-06-08,2026-06-08 15:08:34.579173,2026-06-08 23:22:19.456484,you are late 8m,late,2026-06-08 15:08:34.581905,2026-06-08 23:22:19.460375,10
954,2026-06-08,2026-06-08 15:23:11.844305,2026-06-09 03:22:34.878608,23m late,late,2026-06-08 15:23:11.851326,2026-06-09 03:22:34.882184,8
955,2026-06-08,2026-06-08 16:00:56.290982,2026-06-09 00:06:03.872784,0m late,late,2026-06-08 16:00:56.297799,2026-06-09 00:06:03.876524,9
956,2026-06-08,2026-06-08 16:03:12.337114,2026-06-08 23:01:46.498700,3m late,late,2026-06-08 16:03:12.344565,2026-06-08 23:01:46.502215,4
957,2026-06-08,2026-06-08 16:08:49.917876,2026-06-08 23:22:36.338910,2h 8m late,late,2026-06-08 16:08:49.924960,2026-06-08 23:22:36.343554,14
958,2026-06-08,2026-06-08 16:10:54.696917,2026-06-09 00:04:36.849003,2h 10m late,late,2026-06-08 16:10:54.704212,2026-06-09 00:04:36.849971,18
959,2026-06-08,2026-06-08 16:11:08.932682,2026-06-09 00:04:48.182000,11m late,late,2026-06-08 16:11:08.934540,2026-06-09 00:04:48.185333,19
960,2026-06-08,2026-06-08 16:14:45.101318,2026-06-08 16:52:14.682889,3h 14m late,late,2026-06-08 16:14:45.108351,2026-06-08 16:52:14.686240,22
961,2026-06-08,2026-06-08 18:24:38.789822,,23h 24m late,late,2026-06-08 18:24:38.798058,2026-06-08 18:24:38.798077,15
962,2026-06-08,2026-06-08 22:56:41.671322,2026-06-09 08:21:36.215151,23h 56m late,late,2026-06-08 22:56:41.679361,2026-06-09 08:21:36.217596,16
963,2026-06-09,2026-06-09 07:10:27.890221,2026-06-09 17:26:44.484883,you are late 10m,late,2026-06-09 07:10:27.892661,2026-06-09 17:26:44.488875,13
964,2026-06-09,2026-06-09 08:18:22.126831,2026-06-09 17:26:38.411002,18m late,late,2026-06-09 08:18:22.129206,2026-06-09 17:26:38.414403,24
965,2026-06-09,2026-06-09 08:46:56.842928,2026-06-09 18:55:38.250414,On time,on_time,2026-06-09 08:46:56.849671,2026-06-09 18:55:38.253644,29
966,2026-06-09,2026-06-09 09:05:43.594254,2026-06-09 19:17:51.477677,11h 5m late,late,2026-06-09 09:05:43.602298,2026-06-09 19:17:51.481078,6
967,2026-06-09,2026-06-09 09:52:39.239228,2026-06-09 15:54:48.542522,On time,on_time,2026-06-09 09:52:39.242169,2026-06-09 15:54:48.544498,26
968,2026-06-09,2026-06-09 11:22:30.109674,2026-06-09 21:46:04.832110,22m late,late,2026-06-09 11:22:30.116675,2026-06-09 21:46:04.836203,5
969,2026-06-09,2026-06-09 11:56:34.144607,2026-06-09 20:02:15.237897,On time,on_time,2026-06-09 11:56:34.151723,2026-06-09 20:02:15.239202,11
970,2026-06-09,2026-06-09 12:06:53.635700,2026-06-09 20:17:44.243872,On time,on_time,2026-06-09 12:06:53.643935,2026-06-09 20:17:44.247381,14
971,2026-06-09,2026-06-09 15:00:08.642519,2026-06-09 21:18:44.595941,0m late,late,2026-06-09 15:00:08.646589,2026-06-09 21:18:44.599974,21
972,2026-06-09,2026-06-09 15:17:24.060949,2026-06-10 03:19:52.646698,17m late,late,2026-06-09 15:17:24.068109,2026-06-10 03:19:52.650470,8
973,2026-06-09,2026-06-09 15:28:13.415687,2026-06-09 23:14:05.692551,28m late,late,2026-06-09 15:28:13.423647,2026-06-09 23:14:05.696842,10
974,2026-06-09,2026-06-09 15:34:32.394106,2026-06-09 18:19:22.138774,1h 34m late,late,2026-06-09 15:34:32.401775,2026-06-09 18:19:22.142439,18
975,2026-06-09,2026-06-09 15:59:09.199908,2026-06-10 00:08:53.052899,23h 59m late,late,2026-06-09 15:59:09.202779,2026-06-10 00:08:53.057413,9
976,2026-06-09,2026-06-09 16:02:54.139840,2026-06-09 23:03:11.372607,2m late,late,2026-06-09 16:02:54.147252,2026-06-09 23:03:11.376031,4
977,2026-06-09,2026-06-09 17:22:33.936172,2026-06-09 18:58:12.158464,4h 22m late,late,2026-06-09 17:22:33.944206,2026-06-09 18:58:12.162341,22
978,2026-06-09,2026-06-09 18:15:00.923643,2026-06-09 18:15:12.308204,9h 15m late,late,2026-06-09 18:15:00.925451,2026-06-09 18:15:12.311802,34
979,2026-06-09,2026-06-09 18:15:59.497136,,4h 15m late,late,2026-06-09 18:15:59.503499,2026-06-09 18:15:59.503547,30
980,2026-06-09,2026-06-09 18:17:27.737225,2026-06-09 23:06:57.005912,4h 17m late,late,2026-06-09 18:17:27.744804,2026-06-09 23:06:57.009058,32
981,2026-06-09,2026-06-09 18:18:21.938590,2026-06-09 23:07:16.818681,4h 18m late,late,2026-06-09 18:18:21.946812,2026-06-09 23:07:16.821771,33
982,2026-06-09,2026-06-09 18:19:04.958480,2026-06-10 04:09:43.310106,19m late,late,2026-06-09 18:19:04.966993,2026-06-10 04:09:43.313493,27
983,2026-06-09,2026-06-09 18:20:09.647013,2026-06-10 00:07:59.396663,4h 20m late,late,2026-06-09 18:20:09.654619,2026-06-10 00:07:59.401122,18
984,2026-06-09,2026-06-09 18:23:07.520099,2026-06-10 07:34:02.744796,you are late 1403m,late,2026-06-09 18:23:07.524493,2026-06-10 07:34:02.745724,15
985,2026-06-09,2026-06-09 22:58:52.897230,2026-06-10 08:32:58.317232,23h 58m late,late,2026-06-09 22:58:52.899601,2026-06-10 08:32:58.320970,16
986,2026-06-09,2026-06-09 23:07:16.884634,,9h 7m late,late,2026-06-09 23:07:16.890875,2026-06-09 23:07:16.890910,33
987,2026-06-10,2026-06-10 07:17:15.440849,2026-06-10 17:12:01.790750,17m late,late,2026-06-10 07:17:15.447981,2026-06-10 17:12:01.794149,13
988,2026-06-10,2026-06-10 08:54:03.296708,2026-06-10 18:51:07.165421,On time,on_time,2026-06-10 08:54:03.304792,2026-06-10 18:51:07.166292,29
989,2026-06-10,2026-06-10 09:02:19.851356,2026-06-10 21:00:37.333762,11h 2m late,late,2026-06-10 09:02:19.859602,2026-06-10 21:00:37.337209,6
990,2026-06-10,2026-06-10 09:19:00.409349,2026-06-10 18:03:36.496301,19m late,late,2026-06-10 09:19:00.418015,2026-06-10 18:03:36.499800,34
991,2026-06-10,2026-06-10 09:45:46.897964,2026-06-10 15:52:20.886742,On time,on_time,2026-06-10 09:45:46.904828,2026-06-10 15:52:20.888674,26
992,2026-06-10,2026-06-10 11:10:04.025382,2026-06-10 21:00:48.780931,10m late,late,2026-06-10 11:10:04.034205,2026-06-10 21:00:48.782235,5
993,2026-06-10,2026-06-10 11:51:05.856200,2026-06-10 20:07:09.543398,On time,on_time,2026-06-10 11:51:05.857941,2026-06-10 20:07:09.547521,11
994,2026-06-10,2026-06-10 14:11:03.557865,2026-06-10 14:11:03.580979,you are late 11m,late,2026-06-10 14:11:03.560916,2026-06-10 14:11:03.582607,30
995,2026-06-10,2026-06-10 14:12:22.378235,2026-06-10 23:20:26.181114,you are late 12m,late,2026-06-10 14:12:22.386016,2026-06-10 23:20:26.185154,33
996,2026-06-10,2026-06-10 15:07:03.734309,2026-06-10 23:20:17.415434,1h 7m late,late,2026-06-10 15:07:03.742728,2026-06-10 23:20:17.418963,32
997,2026-06-10,2026-06-10 15:09:12.231811,2026-06-10 23:15:13.858337,9m late,late,2026-06-10 15:09:12.240090,2026-06-10 23:15:13.862032,10
998,2026-06-10,2026-06-10 15:17:46.803452,2026-06-11 03:06:26.236137,17m late,late,2026-06-10 15:17:46.811089,2026-06-11 03:06:26.239741,8
999,2026-06-10,2026-06-10 15:38:51.863842,2026-06-10 23:59:40.312470,23h 38m late,late,2026-06-10 15:38:51.872056,2026-06-10 23:59:40.314503,9
1000,2026-06-10,2026-06-10 16:02:29.403390,2026-06-10 23:04:54.287967,2m late,late,2026-06-10 16:02:29.411891,2026-06-10 23:04:54.291963,4
1001,2026-06-10,2026-06-10 16:11:28.947859,2026-06-11 00:09:00.899507,2h 11m late,late,2026-06-10 16:11:28.957633,2026-06-11 00:09:00.903625,18
1002,2026-06-10,2026-06-10 16:11:40.390960,2026-06-11 00:09:37.387492,11m late,late,2026-06-10 16:11:40.392681,2026-06-11 00:09:37.388574,19
1003,2026-06-10,2026-06-10 17:36:08.815723,,9h 36m late,late,2026-06-10 17:36:08.822522,2026-06-10 17:36:08.822574,24
1004,2026-06-10,2026-06-10 18:27:33.414988,,23h 27m late,late,2026-06-10 18:27:33.423799,2026-06-10 18:27:33.423832,15
1005,2026-06-10,2026-06-10 22:58:55.706264,2026-06-11 08:19:05.914682,23h 58m late,late,2026-06-10 22:58:55.708381,2026-06-11 08:19:05.915912,16
1006,2026-06-11,2026-06-11 07:16:09.957643,2026-06-11 18:07:56.759239,16m late,late,2026-06-11 07:16:09.965374,2026-06-11 18:07:56.762803,13
1007,2026-06-11,2026-06-11 07:51:00.387527,2026-06-11 16:12:30.575404,On time,on_time,2026-06-11 07:51:00.395297,2026-06-11 16:12:30.578841,11
1008,2026-06-11,2026-06-11 08:10:25.418016,2026-06-11 14:14:34.779643,you are late 10m,late,2026-06-11 08:10:25.425151,2026-06-11 14:14:34.782886,24
1009,2026-06-11,2026-06-11 09:02:56.199886,2026-06-11 15:51:58.419033,On time,on_time,2026-06-11 09:02:56.210297,2026-06-11 15:51:58.422256,29
1010,2026-06-11,2026-06-11 09:14:25.771867,2026-06-11 18:06:21.329170,14m late,late,2026-06-11 09:14:25.778123,2026-06-11 18:06:21.332311,34
1011,2026-06-11,2026-06-11 09:14:42.607374,2026-06-11 09:14:48.429253,you are late 854m,late,2026-06-11 09:14:42.615043,2026-06-11 09:14:48.433330,15
1012,2026-06-11,2026-06-11 09:18:53.600346,2026-06-11 19:19:50.225665,11h 18m late,late,2026-06-11 09:18:53.608707,2026-06-11 19:19:50.226682,6
1013,2026-06-11,2026-06-11 09:52:13.988703,2026-06-11 15:52:54.881982,On time,on_time,2026-06-11 09:52:13.996909,2026-06-11 15:52:54.883205,26
1014,2026-06-11,2026-06-11 11:14:15.254788,2026-06-11 21:06:43.954563,14m late,late,2026-06-11 11:14:15.263469,2026-06-11 21:06:43.958017,5
1015,2026-06-11,2026-06-11 14:05:30.985422,2026-06-11 23:09:02.497762,5m late,late,2026-06-11 14:05:30.993230,2026-06-11 23:09:02.498633,33
1016,2026-06-11,2026-06-11 14:07:42.799024,2026-06-11 23:08:48.032609,7m late,late,2026-06-11 14:07:42.807616,2026-06-11 23:08:48.035633,30
1017,2026-06-11,2026-06-11 14:48:08.718302,2026-06-11 23:08:00.300700,48m late,late,2026-06-11 14:48:08.725223,2026-06-11 23:08:00.301938,32
1018,2026-06-11,2026-06-11 15:17:34.109161,2026-06-11 19:54:18.959933,2h 17m late,late,2026-06-11 15:17:34.116976,2026-06-11 19:54:18.963376,22
1019,2026-06-11,2026-06-11 15:28:05.165879,2026-06-12 01:27:21.950475,28m late,late,2026-06-11 15:28:05.169863,2026-06-12 01:27:21.954144,8
1020,2026-06-11,2026-06-11 15:31:01.187463,2026-06-11 23:11:44.949916,31m late,late,2026-06-11 15:31:01.190162,2026-06-11 23:11:44.953694,10
1021,2026-06-11,2026-06-11 16:04:40.694065,2026-06-11 23:04:47.685982,4m late,late,2026-06-11 16:04:40.702690,2026-06-11 23:04:47.690029,4
1022,2026-06-11,2026-06-11 16:08:37.974451,2026-06-12 00:11:57.227907,8m late,late,2026-06-11 16:08:37.981951,2026-06-12 00:11:57.231400,9
1023,2026-06-11,2026-06-11 16:23:16.179585,2026-06-11 23:45:32.019175,2h 23m late,late,2026-06-11 16:23:16.187010,2026-06-11 23:45:32.022821,18
1024,2026-06-11,2026-06-11 16:51:46.315726,2026-06-11 23:46:22.980732,51m late,late,2026-06-11 16:51:46.319254,2026-06-11 23:46:22.985149,19
1025,2026-06-11,2026-06-11 17:51:22.118101,2026-06-12 04:09:10.569608,23h 51m late,late,2026-06-11 17:51:22.120612,2026-06-12 04:09:10.573103,27
1026,2026-06-11,2026-06-11 18:37:14.601770,2026-06-12 08:12:49.872240,23h 37m late,late,2026-06-11 18:37:14.609748,2026-06-12 08:12:49.876042,15
1027,2026-06-11,2026-06-11 19:42:08.525559,2026-06-11 19:42:14.292954,10h 42m late,late,2026-06-11 19:42:08.532996,2026-06-11 19:42:14.296577,31
1028,2026-06-11,2026-06-11 19:46:19.842236,2026-06-11 19:46:19.898133,3h 46m late,late,2026-06-11 19:46:19.849618,2026-06-11 19:46:19.900646,35
1029,2026-06-11,2026-06-11 23:53:54.380740,2026-06-12 12:05:06.835236,53m late,late,2026-06-11 23:53:54.383633,2026-06-12 12:05:06.838829,16
1030,2026-06-12,2026-06-12 07:45:39.848397,2026-06-12 17:00:55.685523,45m late,late,2026-06-12 07:45:39.857144,2026-06-12 17:00:55.690113,13
1031,2026-06-12,2026-06-12 08:04:50.648481,2026-06-12 16:01:55.355513,On time,on_time,2026-06-12 08:04:50.657016,2026-06-12 16:01:55.359430,11
1032,2026-06-12,2026-06-12 08:35:47.557811,2026-06-12 18:11:52.779054,On time,on_time,2026-06-12 08:35:47.565685,2026-06-12 18:11:52.782267,31
1033,2026-06-12,2026-06-12 09:12:20.784231,2026-06-12 18:08:55.863074,12m late,late,2026-06-12 09:12:20.792840,2026-06-12 18:08:55.866194,34
1034,2026-06-12,2026-06-12 09:49:51.481632,2026-06-12 15:55:51.661400,On time,on_time,2026-06-12 09:49:51.483882,2026-06-12 15:55:51.663484,26
1035,2026-06-12,2026-06-12 12:20:33.843301,2026-06-12 15:59:51.943684,1h 20m late,late,2026-06-12 12:20:33.851668,2026-06-12 15:59:51.947193,5
1036,2026-06-12,2026-06-12 12:24:53.297282,2026-06-12 22:03:18.430543,On time,on_time,2026-06-12 12:24:53.299633,2026-06-12 22:03:18.431817,14
1037,2026-06-12,2026-06-12 13:57:38.154718,,On time,on_time,2026-06-12 13:57:38.161207,2026-06-12 13:57:38.161237,30
1038,2026-06-12,2026-06-12 14:20:26.253092,2026-06-12 14:20:26.318587,20m late,late,2026-06-12 14:20:26.261079,2026-06-12 14:20:26.319871,33
1039,2026-06-12,2026-06-12 15:09:32.138129,,1h 9m late,late,2026-06-12 15:09:32.146074,2026-06-12 15:09:32.146105,32
1040,2026-06-12,2026-06-12 15:22:45.864268,,22m late,late,2026-06-12 15:22:45.875447,2026-06-12 15:22:45.875480,10
1041,2026-06-12,2026-06-12 15:25:34.141930,2026-06-13 03:07:52.254649,25m late,late,2026-06-12 15:25:34.149966,2026-06-13 03:07:52.256513,8
1042,2026-06-12,2026-06-12 16:06:04.278445,,6m late,late,2026-06-12 16:06:04.280975,2026-06-12 16:06:04.280991,35
1043,2026-06-12,2026-06-12 16:12:07.534526,,12m late,late,2026-06-12 16:12:07.542722,2026-06-12 16:12:07.542754,4
1044,2026-06-12,2026-06-12 16:13:06.693137,2026-06-13 00:26:03.591365,13m late,late,2026-06-12 16:13:06.700843,2026-06-13 00:26:03.596272,9
1045,2026-06-12,2026-06-12 16:15:24.652953,2026-06-13 00:47:14.231137,15m late,late,2026-06-12 16:15:24.661470,2026-06-13 00:47:14.235104,19
1046,2026-06-12,2026-06-12 18:01:09.298108,2026-06-13 04:09:34.272454,1m late,late,2026-06-12 18:01:09.304703,2026-06-13 04:09:34.273662,27
1047,2026-06-12,2026-06-12 18:28:27.166829,2026-06-13 08:27:05.684244,23h 28m late,late,2026-06-12 18:28:27.175571,2026-06-13 08:27:05.685294,15
1048,2026-06-12,2026-06-12 18:58:27.572082,,4h 58m late,late,2026-06-12 18:58:27.574332,2026-06-12 18:58:27.574343,33
1049,2026-06-12,2026-06-12 23:53:01.063908,2026-06-13 08:42:34.267741,53m late,late,2026-06-12 23:53:01.072824,2026-06-13 08:42:34.271120,16
1050,2026-06-13,2026-06-13 07:23:57.831501,2026-06-13 17:03:38.790628,23m late,late,2026-06-13 07:23:57.840017,2026-06-13 17:03:38.791520,13
1051,2026-06-13,2026-06-13 08:08:07.720742,2026-06-13 18:31:07.334571,On time,on_time,2026-06-13 08:08:07.726213,2026-06-13 18:31:07.337522,31
1052,2026-06-13,2026-06-13 08:36:56.563169,,36m late,late,2026-06-13 08:36:56.571009,2026-06-13 08:36:56.571038,24
1053,2026-06-13,2026-06-13 08:54:08.395250,2026-06-13 18:56:59.323401,On time,on_time,2026-06-13 08:54:08.401594,2026-06-13 18:56:59.326594,29
1054,2026-06-13,2026-06-13 09:14:36.629904,2026-06-13 19:26:25.549796,11h 14m late,late,2026-06-13 09:14:36.632752,2026-06-13 19:26:25.553017,6
1055,2026-06-13,2026-06-13 09:16:39.963173,2026-06-13 18:22:24.724489,16m late,late,2026-06-13 09:16:39.970496,2026-06-13 18:22:24.727357,34
1056,2026-06-13,2026-06-13 11:14:52.794226,2026-06-13 21:04:18.638711,14m late,late,2026-06-13 11:14:52.801840,2026-06-13 21:04:18.643323,5
1057,2026-06-13,2026-06-13 11:26:11.102993,2026-06-13 20:33:18.336262,On time,on_time,2026-06-13 11:26:11.105438,2026-06-13 20:33:18.337158,22
1058,2026-06-13,2026-06-13 11:53:02.568624,2026-06-13 20:01:20.766232,On time,on_time,2026-06-13 11:53:02.572389,2026-06-13 20:01:20.770574,11
1059,2026-06-13,2026-06-13 12:55:57.780855,2026-06-13 12:56:00.691600,On time,on_time,2026-06-13 12:55:57.788662,2026-06-13 12:56:00.695139,14
1060,2026-06-13,2026-06-13 15:10:33.201087,2026-06-14 03:17:06.592175,10m late,late,2026-06-13 15:10:33.203349,2026-06-14 03:17:06.595590,8
1061,2026-06-13,2026-06-13 15:28:24.369396,2026-06-13 23:17:15.258911,you are late 28m,late,2026-06-13 15:28:24.376209,2026-06-13 23:17:15.260785,10
1062,2026-06-13,2026-06-13 15:28:44.473436,2026-06-13 23:00:28.019444,you are late 88m,late,2026-06-13 15:28:44.475001,2026-06-13 23:00:28.022387,32
1063,2026-06-13,2026-06-13 16:02:17.519885,2026-06-13 23:05:36.565684,you are late 2m,late,2026-06-13 16:02:17.526673,2026-06-13 23:05:36.569109,4
1064,2026-06-13,2026-06-13 16:17:19.318741,2026-06-14 00:04:48.440770,2h 17m late,late,2026-06-13 16:17:19.327554,2026-06-14 00:04:48.444847,18
1065,2026-06-13,2026-06-13 16:17:39.470117,2026-06-14 00:05:00.315745,17m late,late,2026-06-13 16:17:39.472313,2026-06-14 00:05:00.319060,19
1066,2026-06-13,2026-06-13 16:21:09.300845,2026-06-13 16:21:09.326858,you are late 21m,late,2026-06-13 16:21:09.303027,2026-06-13 16:21:09.328543,35
1067,2026-06-13,2026-06-13 17:47:16.481413,2026-06-14 06:17:22.673475,23h 47m late,late,2026-06-13 17:47:16.488436,2026-06-14 06:17:22.676617,27
1068,2026-06-13,2026-06-13 23:07:23.313801,2026-06-13 23:07:34.696766,you are late 547m,late,2026-06-13 23:07:23.320214,2026-06-13 23:07:34.700296,30
1069,2026-06-13,2026-06-13 23:07:37.601584,2026-06-13 23:08:17.617693,9h 7m late,late,2026-06-13 23:07:37.608028,2026-06-13 23:08:17.620574,30
1070,2026-06-13,2026-06-13 23:16:35.459834,2026-06-13 23:17:40.779399,9h 16m late,late,2026-06-13 23:16:35.463270,2026-06-13 23:17:40.783483,14
1071,2026-06-13,2026-06-13 23:50:52.156186,2026-06-14 08:27:44.414711,50m late,late,2026-06-13 23:50:52.163505,2026-06-14 08:27:44.418702,16
1072,2026-06-14,2026-06-14 06:06:50.984046,2026-06-14 12:44:21.886579,On time,on_time,2026-06-14 06:06:50.992733,2026-06-14 12:44:21.890103,4
1073,2026-06-14,2026-06-14 08:22:13.699701,2026-06-14 16:33:35.612964,you are late 22m,late,2026-06-14 08:22:13.707314,2026-06-14 16:33:35.616429,24
1074,2026-06-14,2026-06-14 09:07:11.034579,2026-06-14 19:24:00.285656,11h 7m late,late,2026-06-14 09:07:11.041406,2026-06-14 19:24:00.287455,6
1075,2026-06-14,2026-06-14 09:13:31.356262,2026-06-14 18:42:03.499475,On time,on_time,2026-06-14 09:13:31.358674,2026-06-14 18:42:03.502481,29
1076,2026-06-14,2026-06-14 09:19:13.579366,2026-06-14 18:37:11.783008,19m late,late,2026-06-14 09:19:13.586864,2026-06-14 18:37:11.785965,34
1077,2026-06-14,2026-06-14 09:39:06.884015,2026-06-14 17:17:15.344882,39m late,late,2026-06-14 09:39:06.886231,2026-06-14 17:17:15.348363,31
1078,2026-06-14,2026-06-14 11:05:32.831474,2026-06-14 21:04:07.060186,5m late,late,2026-06-14 11:05:32.836775,2026-06-14 21:04:07.063972,5
1079,2026-06-14,2026-06-14 11:47:22.239513,2026-06-14 20:04:51.511938,On time,on_time,2026-06-14 11:47:22.241412,2026-06-14 20:04:51.515404,11
1080,2026-06-14,2026-06-14 12:56:25.390388,2026-06-14 17:45:22.192746,On time,on_time,2026-06-14 12:56:25.397413,2026-06-14 17:45:22.196885,14
1081,2026-06-14,2026-06-14 15:04:03.114550,2026-06-14 23:04:31.329627,4m late,late,2026-06-14 15:04:03.121332,2026-06-14 23:04:31.332896,10
1082,2026-06-14,2026-06-14 16:07:14.470353,2026-06-15 00:00:36.210854,7m late,late,2026-06-14 16:07:14.473295,2026-06-15 00:00:36.214499,9
1083,2026-06-14,2026-06-14 16:15:37.582065,2026-06-15 00:00:21.589907,2h 15m late,late,2026-06-14 16:15:37.589780,2026-06-15 00:00:21.591231,18
1084,2026-06-14,2026-06-14 16:15:57.697061,2026-06-15 00:07:20.114608,15m late,late,2026-06-14 16:15:57.704366,2026-06-15 00:07:20.115986,19
1085,2026-06-14,2026-06-14 18:05:23.777753,2026-06-15 04:30:52.678508,5m late,late,2026-06-14 18:05:23.780467,2026-06-15 04:30:52.681507,27
1086,2026-06-14,2026-06-14 18:48:52.633117,2026-06-15 07:54:21.443963,23h 48m late,late,2026-06-14 18:48:52.642138,2026-06-15 07:54:21.447319,15
1087,2026-06-14,2026-06-14 23:50:45.328372,2026-06-15 08:23:06.451604,50m late,late,2026-06-14 23:50:45.336360,2026-06-15 08:23:06.456038,16
1088,2026-06-15,2026-06-15 07:08:24.942456,2026-06-15 17:09:23.727907,8m late,late,2026-06-15 07:08:24.950575,2026-06-15 17:09:23.732185,13
1089,2026-06-15,2026-06-15 07:26:30.270426,2026-06-15 18:14:00.012210,On time,on_time,2026-06-15 07:26:30.276576,2026-06-15 18:14:00.016457,31
1090,2026-06-15,2026-06-15 08:13:29.553300,2026-06-15 17:08:12.600281,13m late,late,2026-06-15 08:13:29.562101,2026-06-15 17:08:12.601692,24
1091,2026-06-15,2026-06-15 08:55:31.646029,2026-06-15 19:03:25.096953,On time,on_time,2026-06-15 08:55:31.651197,2026-06-15 19:03:25.100567,29
1092,2026-06-15,2026-06-15 09:11:18.289219,2026-06-15 19:03:42.302699,11h 11m late,late,2026-06-15 09:11:18.297537,2026-06-15 19:03:42.307104,6
1093,2026-06-15,2026-06-15 09:42:37.806141,2026-06-15 15:49:43.097384,On time,on_time,2026-06-15 09:42:37.813752,2026-06-15 15:49:43.101473,26
1094,2026-06-15,2026-06-15 10:32:53.016621,2026-06-15 17:04:41.475161,On time,on_time,2026-06-15 10:32:53.019489,2026-06-15 17:04:41.478084,32
1095,2026-06-15,2026-06-15 11:25:28.518393,2026-06-15 21:04:29.184759,25m late,late,2026-06-15 11:25:28.525710,2026-06-15 21:04:29.188609,5
1096,2026-06-15,2026-06-15 11:55:06.746910,2026-06-15 21:17:42.312916,On time,on_time,2026-06-15 11:55:06.753645,2026-06-15 21:17:42.316963,11
1097,2026-06-15,2026-06-15 15:08:57.107701,2026-06-15 23:09:36.862354,8m late,late,2026-06-15 15:08:57.110359,2026-06-15 23:09:36.866607,10
1098,2026-06-15,2026-06-15 15:27:29.734966,2026-06-16 03:18:33.505843,27m late,late,2026-06-15 15:27:29.741678,2026-06-16 03:18:33.509637,8
1099,2026-06-15,2026-06-15 15:48:51.487584,2026-06-16 00:13:46.491325,23h 48m late,late,2026-06-15 15:48:51.493647,2026-06-16 00:13:46.492854,9
1100,2026-06-15,2026-06-15 15:49:17.498380,,23h 49m late,late,2026-06-15 15:49:17.505639,2026-06-15 15:49:17.505667,35
1101,2026-06-15,2026-06-15 16:16:31.682672,2026-06-16 00:15:22.478188,2h 16m late,late,2026-06-15 16:16:31.690146,2026-06-16 00:15:22.479788,18
1102,2026-06-15,2026-06-15 16:16:57.317343,2026-06-16 00:23:58.835947,16m late,late,2026-06-15 16:16:57.324133,2026-06-16 00:23:58.839324,19
1103,2026-06-15,2026-06-15 16:57:16.687928,2026-06-15 22:13:01.795136,2h 57m late,late,2026-06-15 16:57:16.695391,2026-06-15 22:13:01.798964,14
1104,2026-06-15,2026-06-15 17:25:26.800643,2026-06-15 23:23:35.550156,4h 25m late,late,2026-06-15 17:25:26.806268,2026-06-15 23:23:35.553238,22
1105,2026-06-15,2026-06-15 17:49:09.966274,2026-06-16 04:06:07.036868,23h 49m late,late,2026-06-15 17:49:09.968416,2026-06-16 04:06:07.037937,27
1106,2026-06-15,2026-06-15 18:44:07.477874,,23h 44m late,late,2026-06-15 18:44:07.486365,2026-06-15 18:44:07.486395,15
1107,2026-06-15,2026-06-15 23:54:55.424071,2026-06-16 12:06:13.292243,54m late,late,2026-06-15 23:54:55.426885,2026-06-16 12:06:13.295720,16
1108,2026-06-16,2026-06-16 07:28:32.068513,2026-06-16 17:44:57.873279,28m late,late,2026-06-16 07:28:32.075932,2026-06-16 17:44:57.876579,13
1109,2026-06-16,2026-06-16 07:59:46.884430,2026-06-16 18:02:58.013359,On time,on_time,2026-06-16 07:59:46.890751,2026-06-16 18:02:58.017462,31
1110,2026-06-16,2026-06-16 08:57:24.818304,2026-06-16 18:46:15.302704,On time,on_time,2026-06-16 08:57:24.824359,2026-06-16 18:46:15.305761,29
1111,2026-06-16,2026-06-16 09:25:07.613717,2026-06-16 19:18:59.862532,11h 25m late,late,2026-06-16 09:25:07.620412,2026-06-16 19:18:59.865876,6
1112,2026-06-16,2026-06-16 09:29:51.592214,2026-06-16 18:58:19.602969,29m late,late,2026-06-16 09:29:51.594212,2026-06-16 18:58:19.605639,34
1113,2026-06-16,2026-06-16 09:53:04.146631,2026-06-16 15:54:31.262849,On time,on_time,2026-06-16 09:53:04.153309,2026-06-16 15:54:31.267033,26
1114,2026-06-16,2026-06-16 10:52:35.810796,2026-06-16 20:47:51.285479,On time,on_time,2026-06-16 10:52:35.815385,2026-06-16 20:47:51.286690,22
1115,2026-06-16,2026-06-16 11:19:10.011770,2026-06-16 21:07:00.613356,19m late,late,2026-06-16 11:19:10.014145,2026-06-16 21:07:00.616686,5
1116,2026-06-16,2026-06-16 14:08:40.354395,2026-06-16 23:11:15.432435,8m late,late,2026-06-16 14:08:40.364743,2026-06-16 23:11:15.435381,30
1117,2026-06-16,2026-06-16 14:09:00.862260,2026-06-16 23:12:07.015455,you are late 9m,late,2026-06-16 14:09:00.868991,2026-06-16 23:12:07.016307,33
1118,2026-06-16,2026-06-16 14:14:48.868176,2026-06-16 21:00:01.445411,1h 14m late,late,2026-06-16 14:14:48.876093,2026-06-16 21:00:01.447110,11
1119,2026-06-16,2026-06-16 14:16:08.369040,2026-06-16 14:16:20.080776,you are late 1156m,late,2026-06-16 14:16:08.377158,2026-06-16 14:16:20.084721,15
1120,2026-06-16,2026-06-16 15:18:55.101423,,18m late,late,2026-06-16 15:18:55.108432,2026-06-16 15:18:55.108459,8
1121,2026-06-16,2026-06-16 15:21:36.168745,2026-06-16 22:43:17.726862,1h 21m late,late,2026-06-16 15:21:36.175009,2026-06-16 22:43:17.728056,32
1122,2026-06-16,2026-06-16 15:27:49.692137,2026-06-16 23:06:03.008250,27m late,late,2026-06-16 15:27:49.700481,2026-06-16 23:06:03.012782,10
1123,2026-06-16,2026-06-16 16:03:33.813523,2026-06-17 00:11:35.649293,2h 3m late,late,2026-06-16 16:03:33.821134,2026-06-17 00:11:35.653043,18
1124,2026-06-16,2026-06-16 16:06:45.759624,2026-06-16 23:02:19.620466,6m late,late,2026-06-16 16:06:45.768052,2026-06-16 23:02:19.623759,4
1125,2026-06-16,2026-06-16 16:09:04.324735,2026-06-17 00:11:21.106391,9m late,late,2026-06-16 16:09:04.332730,2026-06-17 00:11:21.110499,9
1126,2026-06-16,2026-06-16 16:11:25.423794,2026-06-16 16:11:28.310736,you are late 11m,late,2026-06-16 16:11:25.431424,2026-06-16 16:11:28.314619,35
1127,2026-06-16,2026-06-16 16:39:41.446250,2026-06-16 22:29:24.576074,2h 39m late,late,2026-06-16 16:39:41.448802,2026-06-16 22:29:24.579498,14
1128,2026-06-16,2026-06-16 17:50:49.340711,,23h 50m late,late,2026-06-16 17:50:49.347398,2026-06-16 17:50:49.347452,27
1129,2026-06-16,2026-06-16 18:25:42.355139,,23h 25m late,late,2026-06-16 18:25:42.357512,2026-06-16 18:25:42.357519,15
1130,2026-06-16,2026-06-16 22:54:17.955717,2026-06-16 22:54:17.999031,6h 54m late,late,2026-06-16 22:54:17.962284,2026-06-16 22:54:18.003024,35
1131,2026-06-16,2026-06-16 22:54:24.107134,,6h 54m late,late,2026-06-16 22:54:24.109800,2026-06-16 22:54:24.109836,35
1132,2026-06-16,2026-06-16 23:53:39.712361,,53m late,late,2026-06-16 23:53:39.715544,2026-06-16 23:53:39.715551,16
